2.99999989E-08,4.5427879310412999E-009
5.99999979E-08,4.5427879310412958E-009
9.00000003E-08,4.5427879310412982E-009
1.19999996E-07,4.5427879310413032E-009
1.50000005E-07,4.5427879310413007E-009
1.80000001E-07,4.5427879310412982E-009
2.09999996E-07,4.5427879310413024E-009
2.39999991E-07,4.5427879310413082E-009
2.70000015E-07,4.5427879310413107E-009
3.00000011E-07,4.5427879310413082E-009
3.30000006E-07,4.5427879310413040E-009
3.60000001E-07,4.5427879310413090E-009
3.89999997E-07,4.5427879310413131E-009
4.19999992E-07,4.5427879310413181E-009
4.50000016E-07,4.5427879310413264E-009
4.79999983E-07,4.5427879310413297E-009
5.10000007E-07,4.5427879310413280E-009
5.40000030E-07,4.5427879310413305E-009
5.69999997E-07,4.5427879310413280E-009
6.00000021E-07,4.5427879310413289E-009
6.29999988E-07,4.5427879310413305E-009
6.60000012E-07,4.5427879310413330E-009
6.90000036E-07,4.5427879310413289E-009
7.20000003E-07,4.5427879310413330E-009
7.50000027E-07,4.5427879310413297E-009
7.79999993E-07,4.5427879310413330E-009
8.10000017E-07,4.5427879310413346E-009
8.39999984E-07,4.5427879310413371E-009
8.70000008E-07,4.5427879310413413E-009
9.00000032E-07,4.5427879310413421E-009
9.29999999E-07,4.5427879310413338E-009
9.59999966E-07,4.5427879310413322E-009
9.89999990E-07,4.5427879310413297E-009
1.02000001E-06,4.5427879310413280E-009
1.05000004E-06,4.5427879310413338E-009
1.08000006E-06,4.5427879310413289E-009
1.10999997E-06,4.5427879310413247E-009
1.13999999E-06,4.5427879310413272E-009
1.17000002E-06,4.5427879310413272E-009
1.20000004E-06,4.5427879310413247E-009
1.23000007E-06,4.5427879310413181E-009
1.25999998E-06,4.5427879310413181E-009
1.29000000E-06,4.5427879310413189E-009
1.32000002E-06,4.5427879310413206E-009
1.35000005E-06,4.5427879310413264E-009
1.38000007E-06,4.5427879310413297E-009
1.40999998E-06,4.5427879310413297E-009
1.44000001E-06,4.5427879310413297E-009
1.47000003E-06,4.5427879310413313E-009
1.50000005E-06,4.5427879310413330E-009
1.53000008E-06,4.5427879310413305E-009
1.55999999E-06,4.5427879310413272E-009
1.59000001E-06,4.5427879310413289E-009
1.62000003E-06,4.5427879310413280E-009
1.65000006E-06,4.5427879310413297E-009
1.67999997E-06,4.5427879310413355E-009
1.70999999E-06,4.5427879310413421E-009
1.74000002E-06,4.5427879310413396E-009
1.77000004E-06,4.5427879310413437E-009
1.80000006E-06,4.5427879310413396E-009
1.82999997E-06,4.5427879310413404E-009
1.86000000E-06,4.5427879310413421E-009
1.89000002E-06,4.5427879310413437E-009
1.91999993E-06,4.5427879310413479E-009
1.95000007E-06,4.5427879310413437E-009
1.97999998E-06,4.5427879310413371E-009
2.01000012E-06,4.5427879310413388E-009
2.04000003E-06,4.5427879310413371E-009
2.06999994E-06,4.5427879310413355E-009
2.10000007E-06,4.5427879310413404E-009
2.12999998E-06,4.5427879310413470E-009
2.16000012E-06,4.5427879310413479E-009
2.19000003E-06,4.5427879310413528E-009
2.21999994E-06,4.5427879310413545E-009
2.25000008E-06,4.5427879310413570E-009
2.27999999E-06,4.5427879310413603E-009
2.31000013E-06,4.5427879310413578E-009
2.34000004E-06,4.5427879310413561E-009
2.36999995E-06,4.5427879310413553E-009
2.40000008E-06,4.5427879310413611E-009
2.43000000E-06,4.5427879310413628E-009
2.46000013E-06,4.5427879310413619E-009
2.49000004E-06,4.5427879310413669E-009
2.51999995E-06,4.5427879310413619E-009
2.55000009E-06,4.5427879310413652E-009
2.58000000E-06,4.5427879310413694E-009
2.61000014E-06,4.5427879310413669E-009
2.64000005E-06,4.5427879310413686E-009
2.66999996E-06,4.5427879310413669E-009
2.70000010E-06,4.5427879310413694E-009
2.73000001E-06,4.5427879310413694E-009
2.76000014E-06,4.5427879310413669E-009
2.79000005E-06,4.5427879310413628E-009
2.81999996E-06,4.5427879310413619E-009
2.85000010E-06,4.5427879310413628E-009
2.88000001E-06,4.5427879310413611E-009
2.91000015E-06,4.5427879310413628E-009
2.94000006E-06,4.5427879310413669E-009
2.96999997E-06,4.5427879310413628E-009
3.00000011E-06,4.5427879310413595E-009
3.03000002E-06,4.5427879310413636E-009
3.06000015E-06,4.5427879310413595E-009
3.09000006E-06,4.5427879310413586E-009
3.11999997E-06,4.5427879310413611E-009
3.15000011E-06,4.5427879310413644E-009
3.18000002E-06,4.5427879310413619E-009
3.20999993E-06,4.5427879310413652E-009
3.24000007E-06,4.5427879310413611E-009
3.26999998E-06,4.5427879310413652E-009
3.30000012E-06,4.5427879310413669E-009
3.33000003E-06,4.5427879310413619E-009
3.35999994E-06,4.5427879310413561E-009
3.39000007E-06,4.5427879310413561E-009
3.41999998E-06,4.5427879310413520E-009
3.45000012E-06,4.5427879310413520E-009
3.48000003E-06,4.5427879310413520E-009
3.50999994E-06,4.5427879310413561E-009
3.54000008E-06,4.5427879310413545E-009
3.56999999E-06,4.5427879310413561E-009
3.60000013E-06,4.5427879310413595E-009
3.63000004E-06,4.5427879310413545E-009
3.65999995E-06,4.5427879310413528E-009
3.69000009E-06,4.5427879310413495E-009
3.72000000E-06,4.5427879310413504E-009
3.75000013E-06,4.5427879310413545E-009
3.78000004E-06,4.5427879310413504E-009
3.80999995E-06,4.5427879310413504E-009
3.83999986E-06,4.5427879310413462E-009
3.87000000E-06,4.5427879310413446E-009
3.90000014E-06,4.5427879310413479E-009
3.93000028E-06,4.5427879310413487E-009
3.95999996E-06,4.5427879310413537E-009
3.99000010E-06,4.5427879310413578E-009
4.02000023E-06,4.5427879310413611E-009
4.04999992E-06,4.5427879310413611E-009
4.08000005E-06,4.5427879310413553E-009
4.11000019E-06,4.5427879310413570E-009
4.13999987E-06,4.5427879310413545E-009
4.17000001E-06,4.5427879310413561E-009
4.20000015E-06,4.5427879310413561E-009
4.22999983E-06,4.5427879310413578E-009
4.25999997E-06,4.5427879310413545E-009
4.29000011E-06,4.5427879310413487E-009
4.32000024E-06,4.5427879310413512E-009
4.34999993E-06,4.5427879310413561E-009
4.38000006E-06,4.5427879310413512E-009
4.41000020E-06,4.5427879310413561E-009
4.43999988E-06,4.5427879310413561E-009
4.47000002E-06,4.5427879310413586E-009
4.50000016E-06,4.5427879310413553E-009
4.52999984E-06,4.5427879310413545E-009
4.55999998E-06,4.5427879310413603E-009
4.59000012E-06,4.5427879310413652E-009
4.62000025E-06,4.5427879310413661E-009
4.64999994E-06,4.5427879310413644E-009
4.68000007E-06,4.5427879310413669E-009
4.71000021E-06,4.5427879310413636E-009
4.73999989E-06,4.5427879310413628E-009
4.77000003E-06,4.5427879310413652E-009
4.80000017E-06,4.5427879310413677E-009
4.82999985E-06,4.5427879310413710E-009
4.85999999E-06,4.5427879310413727E-009
4.89000013E-06,4.5427879310413735E-009
4.92000026E-06,4.5427879310413710E-009
4.94999995E-06,4.5427879310413710E-009
4.98000009E-06,4.5427879310413743E-009
5.01000022E-06,4.5427879310413727E-009
5.03999991E-06,4.5427879310413694E-009
5.07000004E-06,4.5427879310413644E-009
5.10000018E-06,4.5427879310413628E-009
5.12999986E-06,4.5427879310413636E-009
5.16000000E-06,4.5427879310413661E-009
5.19000014E-06,4.5427879310413702E-009
5.22000028E-06,4.5427879310413735E-009
5.24999996E-06,4.5427879310413727E-009
5.28000010E-06,4.5427879310413801E-009
5.31000023E-06,4.5427879310413785E-009
5.33999992E-06,4.5427879310413793E-009
5.37000005E-06,4.5427879310413793E-009
5.40000019E-06,4.5427879310413818E-009
5.42999987E-06,4.5427879310413785E-009
5.46000001E-06,4.5427879310413727E-009
5.49000015E-06,4.5427879310413777E-009
5.52000029E-06,4.5427879310413826E-009
5.54999997E-06,4.5427879310413843E-009
5.58000011E-06,4.5427879310413851E-009
5.61000024E-06,4.5427879310413859E-009
5.63999993E-06,4.5427879310413868E-009
5.67000006E-06,4.5427879310413934E-009
5.70000020E-06,4.5427879310413950E-009
5.72999988E-06,4.5427879310414008E-009
5.76000002E-06,4.5427879310413967E-009
5.79000016E-06,4.5427879310413975E-009
5.82000030E-06,4.5427879310413983E-009
5.84999998E-06,4.5427879310413942E-009
5.88000012E-06,4.5427879310413925E-009
5.91000025E-06,4.5427879310413901E-009
5.93999994E-06,4.5427879310413884E-009
5.97000007E-06,4.5427879310413950E-009
6.00000021E-06,4.5427879310413950E-009
6.02999989E-06,4.5427879310413975E-009
6.06000003E-06,4.5427879310413901E-009
6.09000017E-06,4.5427879310413934E-009
6.12000031E-06,4.5427879310413950E-009
6.14999999E-06,4.5427879310413934E-009
6.18000013E-06,4.5427879310413934E-009
6.21000027E-06,4.5427879310413925E-009
6.23999995E-06,4.5427879310413950E-009
6.27000009E-06,4.5427879310413942E-009
6.30000022E-06,4.5427879310413901E-009
6.32999991E-06,4.5427879310413901E-009
6.36000004E-06,4.5427879310413868E-009
6.39000018E-06,4.5427879310413859E-009
6.41999986E-06,4.5427879310413843E-009
6.45000000E-06,4.5427879310413851E-009
6.48000014E-06,4.5427879310413884E-009
6.51000028E-06,4.5427879310413917E-009
6.53999996E-06,4.5427879310413942E-009
6.57000010E-06,4.5427879310413950E-009
6.60000023E-06,4.5427879310413925E-009
6.62999992E-06,4.5427879310413917E-009
6.66000005E-06,4.5427879310413950E-009
6.69000019E-06,4.5427879310413876E-009
6.71999987E-06,4.5427879310413901E-009
6.75000001E-06,4.5427879310413909E-009
6.78000015E-06,4.5427879310413884E-009
6.81000029E-06,4.5427879310413942E-009
6.83999997E-06,4.5427879310413851E-009
6.87000011E-06,4.5427879310413884E-009
6.90000024E-06,4.5427879310413909E-009
6.92999993E-06,4.5427879310414016E-009
6.96000006E-06,4.5427879310414058E-009
6.99000020E-06,4.5427879310414050E-009
7.01999988E-06,4.5427879310414058E-009
7.05000002E-06,4.5427879310414083E-009
7.08000016E-06,4.5427879310414074E-009
7.11000030E-06,4.5427879310414041E-009
7.13999998E-06,4.5427879310414008E-009
7.17000012E-06,4.5427879310414016E-009
7.20000025E-06,4.5427879310414041E-009
7.22999994E-06,4.5427879310414041E-009
7.26000007E-06,4.5427879310414025E-009
7.29000021E-06,4.5427879310414058E-009
7.31999990E-06,4.5427879310414058E-009
7.35000003E-06,4.5427879310414074E-009
7.38000017E-06,4.5427879310414050E-009
7.41000031E-06,4.5427879310414016E-009
7.43999999E-06,4.5427879310414025E-009
7.47000013E-06,4.5427879310413975E-009
7.50000027E-06,4.5427879310414033E-009
7.52999995E-06,4.5427879310414058E-009
7.56000009E-06,4.5427879310414083E-009
7.59000022E-06,4.5427879310414091E-009
7.61999991E-06,4.5427879310414116E-009
7.65000004E-06,4.5427879310414083E-009
7.67999973E-06,4.5427879310414083E-009
7.71000032E-06,4.5427879310414008E-009
7.74000000E-06,4.5427879310413975E-009
7.76999968E-06,4.5427879310413975E-009
7.80000028E-06,4.5427879310413901E-009
7.82999996E-06,4.5427879310413884E-009
7.86000055E-06,4.5427879310413884E-009
7.89000023E-06,4.5427879310413884E-009
7.91999992E-06,4.5427879310413901E-009
7.95000051E-06,4.5427879310413925E-009
7.98000019E-06,4.5427879310413975E-009
8.00999987E-06,4.5427879310414099E-009
8.04000047E-06,4.5427879310414140E-009
8.07000015E-06,4.5427879310414149E-009
8.09999983E-06,4.5427879310414174E-009
8.13000042E-06,4.5427879310414149E-009
8.16000011E-06,4.5427879310414116E-009
8.18999979E-06,4.5427879310414149E-009
8.22000038E-06,4.5427879310414140E-009
8.25000006E-06,4.5427879310414083E-009
8.27999975E-06,4.5427879310414099E-009
8.31000034E-06,4.5427879310414099E-009
8.34000002E-06,4.5427879310414083E-009
8.36999970E-06,4.5427879310414066E-009
8.40000030E-06,4.5427879310414091E-009
8.42999998E-06,4.5427879310414066E-009
8.45999966E-06,4.5427879310414099E-009
8.49000025E-06,4.5427879310414149E-009
8.51999994E-06,4.5427879310414083E-009
8.55000053E-06,4.5427879310414099E-009
8.58000021E-06,4.5427879310414099E-009
8.60999990E-06,4.5427879310414157E-009
8.64000049E-06,4.5427879310414182E-009
8.67000017E-06,4.5427879310414248E-009
8.69999985E-06,4.5427879310414248E-009
8.73000045E-06,4.5427879310414306E-009
8.76000013E-06,4.5427879310414331E-009
8.78999981E-06,4.5427879310414298E-009
8.82000040E-06,4.5427879310414289E-009
8.85000009E-06,4.5427879310414298E-009
8.87999977E-06,4.5427879310414207E-009
8.91000036E-06,4.5427879310414190E-009
8.94000004E-06,4.5427879310414198E-009
8.96999973E-06,4.5427879310414182E-009
9.00000032E-06,4.5427879310414165E-009
9.03000000E-06,4.5427879310414132E-009
9.05999968E-06,4.5427879310414107E-009
9.09000028E-06,4.5427879310414107E-009
9.11999996E-06,4.5427879310414083E-009
9.15000055E-06,4.5427879310414083E-009
9.18000023E-06,4.5427879310414074E-009
9.20999992E-06,4.5427879310414033E-009
9.24000051E-06,4.5427879310414050E-009
9.27000019E-06,4.5427879310414008E-009
9.29999987E-06,4.5427879310413983E-009
9.33000047E-06,4.5427879310413967E-009
9.36000015E-06,4.5427879310413967E-009
9.38999983E-06,4.5427879310413884E-009
9.42000042E-06,4.5427879310413909E-009
9.45000011E-06,4.5427879310413925E-009
9.47999979E-06,4.5427879310413959E-009
9.51000038E-06,4.5427879310413967E-009
9.54000006E-06,4.5427879310413983E-009
9.56999975E-06,4.5427879310414033E-009
9.60000034E-06,4.5427879310414000E-009
9.63000002E-06,4.5427879310414066E-009
9.65999971E-06,4.5427879310413975E-009
9.69000030E-06,4.5427879310413950E-009
9.71999998E-06,4.5427879310414016E-009
9.75000057E-06,4.5427879310414091E-009
9.78000025E-06,4.5427879310414116E-009
9.80999994E-06,4.5427879310414107E-009
9.84000053E-06,4.5427879310414099E-009
9.87000021E-06,4.5427879310414083E-009
9.89999990E-06,4.5427879310414066E-009
9.93000049E-06,4.5427879310414016E-009
9.96000017E-06,4.5427879310414008E-009
9.98999985E-06,4.5427879310414025E-009
1.00200004E-05,4.5427879310413983E-009
1.00500001E-05,4.5427879310413975E-009
1.00799998E-05,4.5427879310413950E-009
1.01100004E-05,4.5427879310413959E-009
1.01400001E-05,4.5427879310413983E-009
1.01699998E-05,4.5427879310414025E-009
1.02000004E-05,4.5427879310414016E-009
1.02300000E-05,4.5427879310413975E-009
1.02599997E-05,4.5427879310414016E-009
1.02900003E-05,4.5427879310414025E-009
1.03200000E-05,4.5427879310414025E-009
1.03499997E-05,4.5427879310414066E-009
1.03800003E-05,4.5427879310414066E-009
1.04100000E-05,4.5427879310414016E-009
1.04400006E-05,4.5427879310414016E-009
1.04700002E-05,4.5427879310413942E-009
1.04999999E-05,4.5427879310413917E-009
1.05300005E-05,4.5427879310413901E-009
1.05600002E-05,4.5427879310413934E-009
1.05899999E-05,4.5427879310413992E-009
1.06200005E-05,4.5427879310413975E-009
1.06500001E-05,4.5427879310413950E-009
1.06799998E-05,4.5427879310414016E-009
1.07100004E-05,4.5427879310414000E-009
1.07400001E-05,4.5427879310414000E-009
1.07699998E-05,4.5427879310413992E-009
1.08000004E-05,4.5427879310414066E-009
1.08300001E-05,4.5427879310414041E-009
1.08599997E-05,4.5427879310414083E-009
1.08900003E-05,4.5427879310414033E-009
1.09200000E-05,4.5427879310414033E-009
1.09499997E-05,4.5427879310414083E-009
1.09800003E-05,4.5427879310414058E-009
1.10100000E-05,4.5427879310414016E-009
1.10400006E-05,4.5427879310414083E-009
1.10700003E-05,4.5427879310413992E-009
1.10999999E-05,4.5427879310414050E-009
1.11300005E-05,4.5427879310414066E-009
1.11600002E-05,4.5427879310414041E-009
1.11899999E-05,4.5427879310414149E-009
1.12200005E-05,4.5427879310414149E-009
1.12500002E-05,4.5427879310414091E-009
1.12799999E-05,4.5427879310414132E-009
1.13100004E-05,4.5427879310414124E-009
1.13400001E-05,4.5427879310414157E-009
1.13699998E-05,4.5427879310414132E-009
1.14000004E-05,4.5427879310414083E-009
1.14300001E-05,4.5427879310414083E-009
1.14599998E-05,4.5427879310414083E-009
1.14900004E-05,4.5427879310414099E-009
1.15200000E-05,4.5427879310414091E-009
1.15499997E-05,4.5427879310414091E-009
1.15800003E-05,4.5427879310414074E-009
1.16100000E-05,4.5427879310414050E-009
1.16400006E-05,4.5427879310414008E-009
1.16700003E-05,4.5427879310414074E-009
1.17000000E-05,4.5427879310414083E-009
1.17300006E-05,4.5427879310414016E-009
1.17600002E-05,4.5427879310414033E-009
1.17899999E-05,4.5427879310414000E-009
1.18200005E-05,4.5427879310413942E-009
1.18500002E-05,4.5427879310413950E-009
1.18799999E-05,4.5427879310413967E-009
1.19100005E-05,4.5427879310413950E-009
1.19400001E-05,4.5427879310413884E-009
1.19699998E-05,4.5427879310413859E-009
1.20000004E-05,4.5427879310413834E-009
1.20300001E-05,4.5427879310413826E-009
1.20599998E-05,4.5427879310413826E-009
1.20900004E-05,4.5427879310413810E-009
1.21200001E-05,4.5427879310413801E-009
1.21499997E-05,4.5427879310413760E-009
1.21800003E-05,4.5427879310413768E-009
1.22100000E-05,4.5427879310413743E-009
1.22400006E-05,4.5427879310413743E-009
1.22700003E-05,4.5427879310413777E-009
1.23000000E-05,4.5427879310413843E-009
1.23300006E-05,4.5427879310413818E-009
1.23600003E-05,4.5427879310413818E-009
1.23899999E-05,4.5427879310413834E-009
1.24200005E-05,4.5427879310413810E-009
1.24500002E-05,4.5427879310413801E-009
1.24799999E-05,4.5427879310413810E-009
1.25100005E-05,4.5427879310413702E-009
1.25400002E-05,4.5427879310413686E-009
1.25699999E-05,4.5427879310413686E-009
1.26000004E-05,4.5427879310413702E-009
1.26300001E-05,4.5427879310413710E-009
1.26599998E-05,4.5427879310413735E-009
1.26900004E-05,4.5427879310413727E-009
1.27200001E-05,4.5427879310413694E-009
1.27499998E-05,4.5427879310413719E-009
1.27800004E-05,4.5427879310413661E-009
1.28100000E-05,4.5427879310413661E-009
1.28399997E-05,4.5427879310413644E-009
1.28700003E-05,4.5427879310413644E-009
1.29000000E-05,4.5427879310413652E-009
1.29300006E-05,4.5427879310413619E-009
1.29600003E-05,4.5427879310413528E-009
1.29900000E-05,4.5427879310413487E-009
1.30200006E-05,4.5427879310413462E-009
1.30500002E-05,4.5427879310413446E-009
1.30799999E-05,4.5427879310413446E-009
1.31100005E-05,4.5427879310413454E-009
1.31400002E-05,4.5427879310413495E-009
1.31699999E-05,4.5427879310413479E-009
1.32000005E-05,4.5427879310413470E-009
1.32300001E-05,4.5427879310413479E-009
1.32599998E-05,4.5427879310413429E-009
1.32900004E-05,4.5427879310413379E-009
1.33200001E-05,4.5427879310413479E-009
1.33499998E-05,4.5427879310413479E-009
1.33800004E-05,4.5427879310413487E-009
1.34100001E-05,4.5427879310413479E-009
1.34399997E-05,4.5427879310413479E-009
1.34700003E-05,4.5427879310413446E-009
1.35000000E-05,4.5427879310413437E-009
1.35300006E-05,4.5427879310413446E-009
1.35600003E-05,4.5427879310413421E-009
1.35900000E-05,4.5427879310413313E-009
1.36200006E-05,4.5427879310413305E-009
1.36500003E-05,4.5427879310413280E-009
1.36799999E-05,4.5427879310413388E-009
1.37100005E-05,4.5427879310413404E-009
1.37400002E-05,4.5427879310413454E-009
1.37699999E-05,4.5427879310413454E-009
1.38000005E-05,4.5427879310413446E-009
1.38300002E-05,4.5427879310413462E-009
1.38599999E-05,4.5427879310413537E-009
1.38900004E-05,4.5427879310413454E-009
1.39200001E-05,4.5427879310413437E-009
1.39499998E-05,4.5427879310413437E-009
1.39800004E-05,4.5427879310413388E-009
1.40100001E-05,4.5427879310413396E-009
1.40399998E-05,4.5427879310413371E-009
1.40700004E-05,4.5427879310413313E-009
1.41000000E-05,4.5427879310413313E-009
1.41300006E-05,4.5427879310413363E-009
1.41600003E-05,4.5427879310413363E-009
1.41900000E-05,4.5427879310413330E-009
1.42200006E-05,4.5427879310413346E-009
1.42500003E-05,4.5427879310413346E-009
1.42800000E-05,4.5427879310413305E-009
1.43100006E-05,4.5427879310413322E-009
1.43400002E-05,4.5427879310413346E-009
1.43699999E-05,4.5427879310413379E-009
1.44000005E-05,4.5427879310413346E-009
1.44300002E-05,4.5427879310413264E-009
1.44599999E-05,4.5427879310413305E-009
1.44900005E-05,4.5427879310413289E-009
1.45200001E-05,4.5427879310413272E-009
1.45499998E-05,4.5427879310413247E-009
1.45800004E-05,4.5427879310413239E-009
1.46100001E-05,4.5427879310413272E-009
1.46399998E-05,4.5427879310413280E-009
1.46700004E-05,4.5427879310413247E-009
1.47000001E-05,4.5427879310413272E-009
1.47299997E-05,4.5427879310413264E-009
1.47600003E-05,4.5427879310413264E-009
1.47900000E-05,4.5427879310413231E-009
1.48200006E-05,4.5427879310413330E-009
1.48500003E-05,4.5427879310413272E-009
1.48800000E-05,4.5427879310413255E-009
1.49100006E-05,4.5427879310413264E-009
1.49400003E-05,4.5427879310413231E-009
1.49699999E-05,4.5427879310413239E-009
1.50000005E-05,4.5427879310413206E-009
1.50300002E-05,4.5427879310413222E-009
1.50599999E-05,4.5427879310413206E-009
1.50900005E-05,4.5427879310413131E-009
1.51200002E-05,4.5427879310413131E-009
1.51499999E-05,4.5427879310413148E-009
1.51800004E-05,4.5427879310413173E-009
1.52100001E-05,4.5427879310413206E-009
1.52399998E-05,4.5427879310413148E-009
1.52699995E-05,4.5427879310413173E-009
1.53000001E-05,4.5427879310413239E-009
1.53300007E-05,4.5427879310413198E-009
1.53599995E-05,4.5427879310413214E-009
1.53900000E-05,4.5427879310413239E-009
1.54200006E-05,4.5427879310413255E-009
1.54499994E-05,4.5427879310413156E-009
1.54800000E-05,4.5427879310413222E-009
1.55100006E-05,4.5427879310413214E-009
1.55399994E-05,4.5427879310413206E-009
1.55700000E-05,4.5427879310413222E-009
1.56000006E-05,4.5427879310413189E-009
1.56299993E-05,4.5427879310413181E-009
1.56599999E-05,4.5427879310413189E-009
1.56900005E-05,4.5427879310413239E-009
1.57200011E-05,4.5427879310413239E-009
1.57499999E-05,4.5427879310413280E-009
1.57800005E-05,4.5427879310413297E-009
1.58100011E-05,4.5427879310413346E-009
1.58399998E-05,4.5427879310413305E-009
1.58700004E-05,4.5427879310413330E-009
1.59000010E-05,4.5427879310413330E-009
1.59299998E-05,4.5427879310413388E-009
1.59600004E-05,4.5427879310413346E-009
1.59900010E-05,4.5427879310413346E-009
1.60199997E-05,4.5427879310413338E-009
1.60500003E-05,4.5427879310413305E-009
1.60800009E-05,4.5427879310413231E-009
1.61099997E-05,4.5427879310413198E-009
1.61400003E-05,4.5427879310413181E-009
1.61700009E-05,4.5427879310413156E-009
1.61999997E-05,4.5427879310413148E-009
1.62300003E-05,4.5427879310413173E-009
1.62600008E-05,4.5427879310413181E-009
1.62899996E-05,4.5427879310413164E-009
1.63200002E-05,4.5427879310413173E-009
1.63500008E-05,4.5427879310413156E-009
1.63799996E-05,4.5427879310413164E-009
1.64100002E-05,4.5427879310413073E-009
1.64400008E-05,4.5427879310413082E-009
1.64699995E-05,4.5427879310413082E-009
1.65000001E-05,4.5427879310413065E-009
1.65300007E-05,4.5427879310413032E-009
1.65599995E-05,4.5427879310413024E-009
1.65900001E-05,4.5427879310413024E-009
1.66200007E-05,4.5427879310413057E-009
1.66499995E-05,4.5427879310412999E-009
1.66800000E-05,4.5427879310412941E-009
1.67100006E-05,4.5427879310412941E-009
1.67399994E-05,4.5427879310412916E-009
1.67700000E-05,4.5427879310412966E-009
1.68000006E-05,4.5427879310413016E-009
1.68299994E-05,4.5427879310413057E-009
1.68600000E-05,4.5427879310413040E-009
1.68900006E-05,4.5427879310413090E-009
1.69199993E-05,4.5427879310413073E-009
1.69499999E-05,4.5427879310413057E-009
1.69800005E-05,4.5427879310413040E-009
1.70100011E-05,4.5427879310413090E-009
1.70399999E-05,4.5427879310413164E-009
1.70700005E-05,4.5427879310413206E-009
1.71000011E-05,4.5427879310413181E-009
1.71299998E-05,4.5427879310413272E-009
1.71600004E-05,4.5427879310413239E-009
1.71900010E-05,4.5427879310413189E-009
1.72199998E-05,4.5427879310413280E-009
1.72500004E-05,4.5427879310413280E-009
1.72800010E-05,4.5427879310413247E-009
1.73099997E-05,4.5427879310413173E-009
1.73400003E-05,4.5427879310413222E-009
1.73700009E-05,4.5427879310413305E-009
1.73999997E-05,4.5427879310413289E-009
1.74300003E-05,4.5427879310413272E-009
1.74600009E-05,4.5427879310413280E-009
1.74899997E-05,4.5427879310413346E-009
1.75200003E-05,4.5427879310413338E-009
1.75500008E-05,4.5427879310413338E-009
1.75799996E-05,4.5427879310413330E-009
1.76100002E-05,4.5427879310413355E-009
1.76400008E-05,4.5427879310413338E-009
1.76699996E-05,4.5427879310413371E-009
1.77000002E-05,4.5427879310413396E-009
1.77300008E-05,4.5427879310413379E-009
1.77599995E-05,4.5427879310413371E-009
1.77900001E-05,4.5427879310413437E-009
1.78200007E-05,4.5427879310413413E-009
1.78499995E-05,4.5427879310413388E-009
1.78800001E-05,4.5427879310413371E-009
1.79100007E-05,4.5427879310413363E-009
1.79399995E-05,4.5427879310413371E-009
1.79700000E-05,4.5427879310413355E-009
1.80000006E-05,4.5427879310413363E-009
1.80299994E-05,4.5427879310413355E-009
1.80600000E-05,4.5427879310413322E-009
1.80900006E-05,4.5427879310413363E-009
1.81199994E-05,4.5427879310413338E-009
1.81500000E-05,4.5427879310413363E-009
1.81800006E-05,4.5427879310413322E-009
1.82100011E-05,4.5427879310413322E-009
1.82399999E-05,4.5427879310413280E-009
1.82700005E-05,4.5427879310413297E-009
1.83000011E-05,4.5427879310413247E-009
1.83299999E-05,4.5427879310413297E-009
1.83600005E-05,4.5427879310413264E-009
1.83900011E-05,4.5427879310413297E-009
1.84199998E-05,4.5427879310413363E-009
1.84500004E-05,4.5427879310413413E-009
1.84800010E-05,4.5427879310413429E-009
1.85099998E-05,4.5427879310413495E-009
1.85400004E-05,4.5427879310413413E-009
1.85700010E-05,4.5427879310413437E-009
1.85999997E-05,4.5427879310413462E-009
1.86300003E-05,4.5427879310413553E-009
1.86600009E-05,4.5427879310413578E-009
1.86899997E-05,4.5427879310413570E-009
1.87200003E-05,4.5427879310413603E-009
1.87500009E-05,4.5427879310413586E-009
1.87799997E-05,4.5427879310413586E-009
1.88100003E-05,4.5427879310413553E-009
1.88400008E-05,4.5427879310413595E-009
1.88699996E-05,4.5427879310413628E-009
1.89000002E-05,4.5427879310413561E-009
1.89300008E-05,4.5427879310413578E-009
1.89599996E-05,4.5427879310413561E-009
1.89900002E-05,4.5427879310413528E-009
1.90200008E-05,4.5427879310413470E-009
1.90499995E-05,4.5427879310413495E-009
1.90800001E-05,4.5427879310413512E-009
1.91100007E-05,4.5427879310413504E-009
1.91399995E-05,4.5427879310413545E-009
1.91700001E-05,4.5427879310413545E-009
1.92000007E-05,4.5427879310413561E-009
1.92299995E-05,4.5427879310413611E-009
1.92600000E-05,4.5427879310413619E-009
1.92900006E-05,4.5427879310413578E-009
1.93199994E-05,4.5427879310413619E-009
1.93500000E-05,4.5427879310413619E-009
1.93800006E-05,4.5427879310413603E-009
1.94099994E-05,4.5427879310413578E-009
1.94400000E-05,4.5427879310413595E-009
1.94700006E-05,4.5427879310413561E-009
1.95000011E-05,4.5427879310413561E-009
1.95299999E-05,4.5427879310413578E-009
1.95600005E-05,4.5427879310413570E-009
1.95900011E-05,4.5427879310413570E-009
1.96199999E-05,4.5427879310413561E-009
1.96500005E-05,4.5427879310413586E-009
1.96800011E-05,4.5427879310413570E-009
1.97099998E-05,4.5427879310413570E-009
1.97400004E-05,4.5427879310413586E-009
1.97700010E-05,4.5427879310413586E-009
1.97999998E-05,4.5427879310413553E-009
1.98300004E-05,4.5427879310413561E-009
1.98600010E-05,4.5427879310413611E-009
1.98899997E-05,4.5427879310413661E-009
1.99200003E-05,4.5427879310413661E-009
1.99500009E-05,4.5427879310413644E-009
1.99799997E-05,4.5427879310413686E-009
2.00100003E-05,4.5427879310413710E-009
2.00400009E-05,4.5427879310413710E-009
2.00699997E-05,4.5427879310413727E-009
2.01000003E-05,4.5427879310413686E-009
2.01300008E-05,4.5427879310413669E-009
2.01599996E-05,4.5427879310413719E-009
2.01900002E-05,4.5427879310413743E-009
2.02200008E-05,4.5427879310413694E-009
2.02499996E-05,4.5427879310413702E-009
2.02800002E-05,4.5427879310413694E-009
2.03100008E-05,4.5427879310413760E-009
2.03399995E-05,4.5427879310413743E-009
2.03700001E-05,4.5427879310413702E-009
2.04000007E-05,4.5427879310413719E-009
2.04299995E-05,4.5427879310413710E-009
2.04600001E-05,4.5427879310413636E-009
2.04900007E-05,4.5427879310413652E-009
2.05199995E-05,4.5427879310413628E-009
2.05500000E-05,4.5427879310413768E-009
2.05800006E-05,4.5427879310413818E-009
2.06099994E-05,4.5427879310413843E-009
2.06400000E-05,4.5427879310413834E-009
2.06700006E-05,4.5427879310413876E-009
2.06999994E-05,4.5427879310413851E-009
2.07300000E-05,4.5427879310413826E-009
2.07600006E-05,4.5427879310413801E-009
2.07900011E-05,4.5427879310413818E-009
2.08199999E-05,4.5427879310413826E-009
2.08500005E-05,4.5427879310413777E-009
2.08800011E-05,4.5427879310413760E-009
2.09099999E-05,4.5427879310413801E-009
2.09400005E-05,4.5427879310413793E-009
2.09700011E-05,4.5427879310413777E-009
2.09999998E-05,4.5427879310413810E-009
2.10300004E-05,4.5427879310413851E-009
2.10600010E-05,4.5427879310413818E-009
2.10899998E-05,4.5427879310413810E-009
2.11200004E-05,4.5427879310413851E-009
2.11500010E-05,4.5427879310413884E-009
2.11799997E-05,4.5427879310413876E-009
2.12100003E-05,4.5427879310413851E-009
2.12400009E-05,4.5427879310413810E-009
2.12699997E-05,4.5427879310413793E-009
2.13000003E-05,4.5427879310413810E-009
2.13300009E-05,4.5427879310413818E-009
2.13599997E-05,4.5427879310413859E-009
2.13900003E-05,4.5427879310413826E-009
2.14200008E-05,4.5427879310413859E-009
2.14499996E-05,4.5427879310413876E-009
2.14800002E-05,4.5427879310413843E-009
2.15100008E-05,4.5427879310413826E-009
2.15399996E-05,4.5427879310413826E-009
2.15700002E-05,4.5427879310413777E-009
2.16000008E-05,4.5427879310413777E-009
2.16299995E-05,4.5427879310413760E-009
2.16600001E-05,4.5427879310413768E-009
2.16900007E-05,4.5427879310413768E-009
2.17199995E-05,4.5427879310413727E-009
2.17500001E-05,4.5427879310413826E-009
2.17800007E-05,4.5427879310414124E-009
2.18099995E-05,4.5427879310414099E-009
2.18400000E-05,4.5427879310414099E-009
2.18700006E-05,4.5427879310414140E-009
2.18999994E-05,4.5427879310414165E-009
2.19300000E-05,4.5427879310414174E-009
2.19600006E-05,4.5427879310414240E-009
2.19900012E-05,4.5427879310414165E-009
2.20200000E-05,4.5427879310414140E-009
2.20500006E-05,4.5427879310414124E-009
2.20800011E-05,4.5427879310414132E-009
2.21099999E-05,4.5427879310414033E-009
2.21400005E-05,4.5427879310414033E-009
2.21700011E-05,4.5427879310414016E-009
2.21999999E-05,4.5427879310414124E-009
2.22300005E-05,4.5427879310414116E-009
2.22600011E-05,4.5427879310414174E-009
2.22899998E-05,4.5427879310414207E-009
2.23200004E-05,4.5427879310414149E-009
2.23500010E-05,4.5427879310414149E-009
2.23799998E-05,4.5427879310414174E-009
2.24100004E-05,4.5427879310414215E-009
2.24400010E-05,4.5427879310414273E-009
2.24699997E-05,4.5427879310414281E-009
2.25000003E-05,4.5427879310414248E-009
2.25300009E-05,4.5427879310414256E-009
2.25599997E-05,4.5427879310414248E-009
2.25900003E-05,4.5427879310414281E-009
2.26200009E-05,4.5427879310414289E-009
2.26499997E-05,4.5427879310414223E-009
2.26800003E-05,4.5427879310414198E-009
2.27100008E-05,4.5427879310414231E-009
2.27399996E-05,4.5427879310414240E-009
2.27700002E-05,4.5427879310414273E-009
2.28000008E-05,4.5427879310414322E-009
2.28299996E-05,4.5427879310414372E-009
2.28600002E-05,4.5427879310414339E-009
2.28900008E-05,4.5427879310414339E-009
2.29199995E-05,4.5427879310414405E-009
2.29500001E-05,4.5427879310414413E-009
2.29800007E-05,4.5427879310414389E-009
2.30099995E-05,4.5427879310414405E-009
2.30400001E-05,4.5427879310414372E-009
2.30700007E-05,4.5427879310414405E-009
2.30999995E-05,4.5427879310414405E-009
2.31300000E-05,4.5427879310414430E-009
2.31600006E-05,4.5427879310414405E-009
2.31899994E-05,4.5427879310414322E-009
2.32200000E-05,4.5427879310414331E-009
2.32500006E-05,4.5427879310414356E-009
2.32800012E-05,4.5427879310414356E-009
2.33100000E-05,4.5427879310414298E-009
2.33400006E-05,4.5427879310414256E-009
2.33700011E-05,4.5427879310414198E-009
2.33999999E-05,4.5427879310414198E-009
2.34300005E-05,4.5427879310414140E-009
2.34600011E-05,4.5427879310414174E-009
2.34899999E-05,4.5427879310414157E-009
2.35200005E-05,4.5427879310414174E-009
2.35500011E-05,4.5427879310414157E-009
2.35799998E-05,4.5427879310414132E-009
2.36100004E-05,4.5427879310414058E-009
2.36400010E-05,4.5427879310414050E-009
2.36699998E-05,4.5427879310414033E-009
2.37000004E-05,4.5427879310414091E-009
2.37300010E-05,4.5427879310414050E-009
2.37599997E-05,4.5427879310414066E-009
2.37900003E-05,4.5427879310414025E-009
2.38200009E-05,4.5427879310413967E-009
2.38499997E-05,4.5427879310413950E-009
2.38800003E-05,4.5427879310413884E-009
2.39100009E-05,4.5427879310413892E-009
2.39399997E-05,4.5427879310413967E-009
2.39700003E-05,4.5427879310414016E-009
2.40000008E-05,4.5427879310413983E-009
2.40299996E-05,4.5427879310413950E-009
2.40600002E-05,4.5427879310413975E-009
2.40900008E-05,4.5427879310414058E-009
2.41199996E-05,4.5427879310414058E-009
2.41500002E-05,4.5427879310414041E-009
2.41800008E-05,4.5427879310414016E-009
2.42099995E-05,4.5427879310414000E-009
2.42400001E-05,4.5427879310414008E-009
2.42700007E-05,4.5427879310413942E-009
2.42999995E-05,4.5427879310414025E-009
2.43300001E-05,4.5427879310414016E-009
2.43600007E-05,4.5427879310414000E-009
2.43899995E-05,4.5427879310413992E-009
2.44200000E-05,4.5427879310413983E-009
2.44500006E-05,4.5427879310413992E-009
2.44800012E-05,4.5427879310413983E-009
2.45100000E-05,4.5427879310413950E-009
2.45400006E-05,4.5427879310413975E-009
2.45700012E-05,4.5427879310413942E-009
2.46000000E-05,4.5427879310413925E-009
2.46300006E-05,4.5427879310413967E-009
2.46600011E-05,4.5427879310413975E-009
2.46899999E-05,4.5427879310413967E-009
2.47200005E-05,4.5427879310413992E-009
2.47500011E-05,4.5427879310414016E-009
2.47799999E-05,4.5427879310414033E-009
2.48100005E-05,4.5427879310414016E-009
2.48400011E-05,4.5427879310414050E-009
2.48699998E-05,4.5427879310414074E-009
2.49000004E-05,4.5427879310414074E-009
2.49300010E-05,4.5427879310414058E-009
2.49599998E-05,4.5427879310414058E-009
2.49900004E-05,4.5427879310414107E-009
2.50200010E-05,4.5427879310414149E-009
2.50499997E-05,4.5427879310414165E-009
2.50800003E-05,4.5427879310414207E-009
2.51100009E-05,4.5427879310414190E-009
2.51399997E-05,4.5427879310414231E-009
2.51700003E-05,4.5427879310414215E-009
2.52000009E-05,4.5427879310414223E-009
2.52299997E-05,4.5427879310414223E-009
2.52600003E-05,4.5427879310414231E-009
2.52900008E-05,4.5427879310414215E-009
2.53199996E-05,4.5427879310414281E-009
2.53500002E-05,4.5427879310414289E-009
2.53800008E-05,4.5427879310414281E-009
2.54099996E-05,4.5427879310414331E-009
2.54400002E-05,4.5427879310414347E-009
2.54700008E-05,4.5427879310414430E-009
2.54999995E-05,4.5427879310414364E-009
2.55300001E-05,4.5427879310414405E-009
2.55600007E-05,4.5427879310414405E-009
2.55899995E-05,4.5427879310414397E-009
2.56200001E-05,4.5427879310414306E-009
2.56500007E-05,4.5427879310414265E-009
2.56799995E-05,4.5427879310414281E-009
2.57100000E-05,4.5427879310414298E-009
2.57400006E-05,4.5427879310414339E-009
2.57700012E-05,4.5427879310414256E-009
2.58000000E-05,4.5427879310414256E-009
2.58300006E-05,4.5427879310414207E-009
2.58600012E-05,4.5427879310414149E-009
2.58900000E-05,4.5427879310414157E-009
2.59200006E-05,4.5427879310414215E-009
2.59500011E-05,4.5427879310414198E-009
2.59799999E-05,4.5427879310414215E-009
2.60100005E-05,4.5427879310414240E-009
2.60400011E-05,4.5427879310414265E-009
2.60699999E-05,4.5427879310414256E-009
2.61000005E-05,4.5427879310414248E-009
2.61300011E-05,4.5427879310414298E-009
2.61599998E-05,4.5427879310414281E-009
2.61900004E-05,4.5427879310414306E-009
2.62200010E-05,4.5427879310414281E-009
2.62499998E-05,4.5427879310414289E-009
2.62800004E-05,4.5427879310414298E-009
2.63100010E-05,4.5427879310414289E-009
2.63399997E-05,4.5427879310414215E-009
2.63700003E-05,4.5427879310414265E-009
2.64000009E-05,4.5427879310414223E-009
2.64299997E-05,4.5427879310414215E-009
2.64600003E-05,4.5427879310414174E-009
2.64900009E-05,4.5427879310414140E-009
2.65199997E-05,4.5427879310414099E-009
2.65500003E-05,4.5427879310414083E-009
2.65800008E-05,4.5427879310414050E-009
2.66099996E-05,4.5427879310414083E-009
2.66400002E-05,4.5427879310414058E-009
2.66700008E-05,4.5427879310414083E-009
2.66999996E-05,4.5427879310414091E-009
2.67300002E-05,4.5427879310414091E-009
2.67600008E-05,4.5427879310414124E-009
2.67899995E-05,4.5427879310414149E-009
2.68200001E-05,4.5427879310414223E-009
2.68500007E-05,4.5427879310414215E-009
2.68799995E-05,4.5427879310414190E-009
2.69100001E-05,4.5427879310414190E-009
2.69400007E-05,4.5427879310414215E-009
2.69699995E-05,4.5427879310414207E-009
2.70000000E-05,4.5427879310414265E-009
2.70300006E-05,4.5427879310414298E-009
2.70600012E-05,4.5427879310414322E-009
2.70900000E-05,4.5427879310414322E-009
2.71200006E-05,4.5427879310414298E-009
2.71500012E-05,4.5427879310414372E-009
2.71800000E-05,4.5427879310414389E-009
2.72100006E-05,4.5427879310414339E-009
2.72400011E-05,4.5427879310414347E-009
2.72699999E-05,4.5427879310414372E-009
2.73000005E-05,4.5427879310414397E-009
2.73300011E-05,4.5427879310414397E-009
2.73599999E-05,4.5427879310414397E-009
2.73900005E-05,4.5427879310414397E-009
2.74200011E-05,4.5427879310414364E-009
2.74499998E-05,4.5427879310414405E-009
2.74800004E-05,4.5427879310414405E-009
2.75100010E-05,4.5427879310414347E-009
2.75399998E-05,4.5427879310414339E-009
2.75700004E-05,4.5427879310414364E-009
2.76000010E-05,4.5427879310414405E-009
2.76299997E-05,4.5427879310414405E-009
2.76600003E-05,4.5427879310414430E-009
2.76900009E-05,4.5427879310414430E-009
2.77199997E-05,4.5427879310414405E-009
2.77500003E-05,4.5427879310414405E-009
2.77800009E-05,4.5427879310414430E-009
2.78099997E-05,4.5427879310414438E-009
2.78400003E-05,4.5427879310414397E-009
2.78700008E-05,4.5427879310414380E-009
2.78999996E-05,4.5427879310414405E-009
2.79300002E-05,4.5427879310414405E-009
2.79600008E-05,4.5427879310414405E-009
2.79899996E-05,4.5427879310414447E-009
2.80200002E-05,4.5427879310414397E-009
2.80500008E-05,4.5427879310414356E-009
2.80799995E-05,4.5427879310414397E-009
2.81100001E-05,4.5427879310414389E-009
2.81400007E-05,4.5427879310414405E-009
2.81699995E-05,4.5427879310414405E-009
2.82000001E-05,4.5427879310414405E-009
2.82300007E-05,4.5427879310414430E-009
2.82600013E-05,4.5427879310414389E-009
2.82900000E-05,4.5427879310414405E-009
2.83200006E-05,4.5427879310414447E-009
2.83500012E-05,4.5427879310414471E-009
2.83800000E-05,4.5427879310414521E-009
2.84100006E-05,4.5427879310414496E-009
2.84400012E-05,4.5427879310414471E-009
2.84700000E-05,4.5427879310414496E-009
2.85000006E-05,4.5427879310414480E-009
2.85300011E-05,4.5427879310414529E-009
2.85599999E-05,4.5427879310414571E-009
2.85900005E-05,4.5427879310414455E-009
2.86200011E-05,4.5427879310414405E-009
2.86499999E-05,4.5427879310414389E-009
2.86800005E-05,4.5427879310414331E-009
2.87100011E-05,4.5427879310414306E-009
2.87399998E-05,4.5427879310414289E-009
2.87700004E-05,4.5427879310414231E-009
2.88000010E-05,4.5427879310414248E-009
2.88299998E-05,4.5427879310414231E-009
2.88600004E-05,4.5427879310414248E-009
2.88900010E-05,4.5427879310414231E-009
2.89199997E-05,4.5427879310414248E-009
2.89500003E-05,4.5427879310414248E-009
2.89800009E-05,4.5427879310414165E-009
2.90099997E-05,4.5427879310414190E-009
2.90400003E-05,4.5427879310414207E-009
2.90700009E-05,4.5427879310414314E-009
2.90999997E-05,4.5427879310414488E-009
2.91300003E-05,4.5427879310414488E-009
2.91600008E-05,4.5427879310414463E-009
2.91899996E-05,4.5427879310414405E-009
2.92200002E-05,4.5427879310414413E-009
2.92500008E-05,4.5427879310414389E-009
2.92799996E-05,4.5427879310414356E-009
2.93100002E-05,4.5427879310414314E-009
2.93400008E-05,4.5427879310414314E-009
2.93699995E-05,4.5427879310414265E-009
2.94000001E-05,4.5427879310414322E-009
2.94300007E-05,4.5427879310414223E-009
2.94599995E-05,4.5427879310414248E-009
2.94900001E-05,4.5427879310414281E-009
2.95200007E-05,4.5427879310414298E-009
2.95500013E-05,4.5427879310414198E-009
2.95800000E-05,4.5427879310414182E-009
2.96100006E-05,4.5427879310414182E-009
2.96400012E-05,4.5427879310414174E-009
2.96700000E-05,4.5427879310414157E-009
2.97000006E-05,4.5427879310414124E-009
2.97300012E-05,4.5427879310414025E-009
2.97600000E-05,4.5427879310414016E-009
2.97900006E-05,4.5427879310414066E-009
2.98200011E-05,4.5427879310414083E-009
2.98499999E-05,4.5427879310414066E-009
2.98800005E-05,4.5427879310414041E-009
2.99100011E-05,4.5427879310413983E-009
2.99399999E-05,4.5427879310414008E-009
2.99700005E-05,4.5427879310413983E-009
3.00000011E-05,4.5427879310414008E-009
3.00299998E-05,4.5427879310414008E-009
3.00600004E-05,4.5427879310414066E-009
3.00900010E-05,4.5427879310414050E-009
3.01199998E-05,4.5427879310414058E-009
3.01500004E-05,4.5427879310414074E-009
3.01800010E-05,4.5427879310414074E-009
3.02099997E-05,4.5427879310414165E-009
3.02400003E-05,4.5427879310414256E-009
3.02700009E-05,4.5427879310414223E-009
3.02999997E-05,4.5427879310414215E-009
3.03300003E-05,4.5427879310414273E-009
3.03600009E-05,4.5427879310414306E-009
3.03899997E-05,4.5427879310414273E-009
3.04200003E-05,4.5427879310414314E-009
3.04500008E-05,4.5427879310414256E-009
3.04799996E-05,4.5427879310414231E-009
3.05100002E-05,4.5427879310414256E-009
3.05399990E-05,4.5427879310414281E-009
3.05700014E-05,4.5427879310414289E-009
3.06000002E-05,4.5427879310414314E-009
3.06299989E-05,4.5427879310414314E-009
3.06600014E-05,4.5427879310414298E-009
3.06900001E-05,4.5427879310414347E-009
3.07199989E-05,4.5427879310414372E-009
3.07500013E-05,4.5427879310414405E-009
3.07800001E-05,4.5427879310414372E-009
3.08099989E-05,4.5427879310414380E-009
3.08400013E-05,4.5427879310414347E-009
3.08700000E-05,4.5427879310414405E-009
3.08999988E-05,4.5427879310414413E-009
3.09300012E-05,4.5427879310414405E-009
3.09600000E-05,4.5427879310414380E-009
3.09899988E-05,4.5427879310414380E-009
3.10200012E-05,4.5427879310414372E-009
3.10500000E-05,4.5427879310414413E-009
3.10799987E-05,4.5427879310414430E-009
3.11100011E-05,4.5427879310414471E-009
3.11399999E-05,4.5427879310414463E-009
3.11699987E-05,4.5427879310414447E-009
3.12000011E-05,4.5427879310414513E-009
3.12299999E-05,4.5427879310414538E-009
3.12599987E-05,4.5427879310414562E-009
3.12900011E-05,4.5427879310414562E-009
3.13199998E-05,4.5427879310414513E-009
3.13499986E-05,4.5427879310414529E-009
3.13800010E-05,4.5427879310414463E-009
3.14099998E-05,4.5427879310414463E-009
3.14400022E-05,4.5427879310414430E-009
3.14700010E-05,4.5427879310414463E-009
3.14999997E-05,4.5427879310414521E-009
3.15300022E-05,4.5427879310414529E-009
3.15600009E-05,4.5427879310414422E-009
3.15899997E-05,4.5427879310414372E-009
3.16200021E-05,4.5427879310414405E-009
3.16500009E-05,4.5427879310414372E-009
3.16799997E-05,4.5427879310414356E-009
3.17100021E-05,4.5427879310414314E-009
3.17400008E-05,4.5427879310414281E-009
3.17699996E-05,4.5427879310414256E-009
3.18000020E-05,4.5427879310414240E-009
3.18300008E-05,4.5427879310414281E-009
3.18599996E-05,4.5427879310414306E-009
3.18900020E-05,4.5427879310414364E-009
3.19200008E-05,4.5427879310414372E-009
3.19499995E-05,4.5427879310414356E-009
3.19800019E-05,4.5427879310414372E-009
3.20100007E-05,4.5427879310414356E-009
3.20399995E-05,4.5427879310414364E-009
3.20700019E-05,4.5427879310414322E-009
3.21000007E-05,4.5427879310414281E-009
3.21299995E-05,4.5427879310414356E-009
3.21600019E-05,4.5427879310414380E-009
3.21900006E-05,4.5427879310414447E-009
3.22199994E-05,4.5427879310414463E-009
3.22500018E-05,4.5427879310414447E-009
3.22800006E-05,4.5427879310414480E-009
3.23099994E-05,4.5427879310414480E-009
3.23400018E-05,4.5427879310414422E-009
3.23700006E-05,4.5427879310414397E-009
3.23999993E-05,4.5427879310414397E-009
3.24300017E-05,4.5427879310414372E-009
3.24600005E-05,4.5427879310414364E-009
3.24899993E-05,4.5427879310414356E-009
3.25200017E-05,4.5427879310414380E-009
3.25500005E-05,4.5427879310414389E-009
3.25799992E-05,4.5427879310414422E-009
3.26100017E-05,4.5427879310414397E-009
3.26400004E-05,4.5427879310414438E-009
3.26699992E-05,4.5427879310414488E-009
3.27000016E-05,4.5427879310414604E-009
3.27300004E-05,4.5427879310414604E-009
3.27599992E-05,4.5427879310414554E-009
3.27900016E-05,4.5427879310414538E-009
3.28200003E-05,4.5427879310414538E-009
3.28499991E-05,4.5427879310414562E-009
3.28800015E-05,4.5427879310414538E-009
3.29100003E-05,4.5427879310414521E-009
3.29399991E-05,4.5427879310414571E-009
3.29700015E-05,4.5427879310414554E-009
3.30000003E-05,4.5427879310414612E-009
3.30299990E-05,4.5427879310414653E-009
3.30600014E-05,4.5427879310414670E-009
3.30900002E-05,4.5427879310414736E-009
3.31199990E-05,4.5427879310414645E-009
3.31500014E-05,4.5427879310414653E-009
3.31800002E-05,4.5427879310414670E-009
3.32099989E-05,4.5427879310414637E-009
3.32400014E-05,4.5427879310414670E-009
3.32700001E-05,4.5427879310414678E-009
3.32999989E-05,4.5427879310414703E-009
3.33300013E-05,4.5427879310414695E-009
3.33600001E-05,4.5427879310414678E-009
3.33899989E-05,4.5427879310414670E-009
3.34200013E-05,4.5427879310414645E-009
3.34500000E-05,4.5427879310414612E-009
3.34799988E-05,4.5427879310414612E-009
3.35100012E-05,4.5427879310414595E-009
3.35400000E-05,4.5427879310414546E-009
3.35699988E-05,4.5427879310414471E-009
3.36000012E-05,4.5427879310414480E-009
3.36300000E-05,4.5427879310414529E-009
3.36599987E-05,4.5427879310414579E-009
3.36900011E-05,4.5427879310414620E-009
3.37199999E-05,4.5427879310414604E-009
3.37499987E-05,4.5427879310414587E-009
3.37800011E-05,4.5427879310414587E-009
3.38099999E-05,4.5427879310414604E-009
3.38399987E-05,4.5427879310414546E-009
3.38700011E-05,4.5427879310414529E-009
3.38999998E-05,4.5427879310414496E-009
3.39300022E-05,4.5427879310414447E-009
3.39600010E-05,4.5427879310414438E-009
3.39899998E-05,4.5427879310414430E-009
3.40200022E-05,4.5427879310414397E-009
3.40500010E-05,4.5427879310414405E-009
3.40799998E-05,4.5427879310414397E-009
3.41100022E-05,4.5427879310414430E-009
3.41400009E-05,4.5427879310414356E-009
3.41699997E-05,4.5427879310414339E-009
3.42000021E-05,4.5427879310414389E-009
3.42300009E-05,4.5427879310414347E-009
3.42599997E-05,4.5427879310414331E-009
3.42900021E-05,4.5427879310414372E-009
3.43200009E-05,4.5427879310414339E-009
3.43499996E-05,4.5427879310414331E-009
3.43800020E-05,4.5427879310414322E-009
3.44100008E-05,4.5427879310414306E-009
3.44399996E-05,4.5427879310414298E-009
3.44700020E-05,4.5427879310414314E-009
3.45000008E-05,4.5427879310414281E-009
3.45299995E-05,4.5427879310414281E-009
3.45600020E-05,4.5427879310414281E-009
3.45900007E-05,4.5427879310414256E-009
3.46199995E-05,4.5427879310414240E-009
3.46500019E-05,4.5427879310414281E-009
3.46800007E-05,4.5427879310414256E-009
3.47099995E-05,4.5427879310414265E-009
3.47400019E-05,4.5427879310414248E-009
3.47700006E-05,4.5427879310414281E-009
3.47999994E-05,4.5427879310414215E-009
3.48300018E-05,4.5427879310414215E-009
3.48600006E-05,4.5427879310414215E-009
3.48899994E-05,4.5427879310414223E-009
3.49200018E-05,4.5427879310414223E-009
3.49500006E-05,4.5427879310414240E-009
3.49799993E-05,4.5427879310414281E-009
3.50100017E-05,4.5427879310414256E-009
3.50400005E-05,4.5427879310414240E-009
3.50699993E-05,4.5427879310414198E-009
3.51000017E-05,4.5427879310414207E-009
3.51300005E-05,4.5427879310414240E-009
3.51599992E-05,4.5427879310414265E-009
3.51900017E-05,4.5427879310414281E-009
3.52200004E-05,4.5427879310414240E-009
3.52499992E-05,4.5427879310414248E-009
3.52800016E-05,4.5427879310414248E-009
3.53100004E-05,4.5427879310414289E-009
3.53399992E-05,4.5427879310414331E-009
3.53700016E-05,4.5427879310414314E-009
3.54000003E-05,4.5427879310414331E-009
3.54299991E-05,4.5427879310414372E-009
3.54600015E-05,4.5427879310414389E-009
3.54900003E-05,4.5427879310414438E-009
3.55199991E-05,4.5427879310414463E-009
3.55500015E-05,4.5427879310414513E-009
3.55800003E-05,4.5427879310414521E-009
3.56099990E-05,4.5427879310414513E-009
3.56400014E-05,4.5427879310414513E-009
3.56700002E-05,4.5427879310414513E-009
3.56999990E-05,4.5427879310414496E-009
3.57300014E-05,4.5427879310414480E-009
3.57600002E-05,4.5427879310414430E-009
3.57899989E-05,4.5427879310414405E-009
3.58200014E-05,4.5427879310414438E-009
3.58500001E-05,4.5427879310414405E-009
3.58799989E-05,4.5427879310414405E-009
3.59100013E-05,4.5427879310414447E-009
3.59400001E-05,4.5427879310414438E-009
3.59699989E-05,4.5427879310414438E-009
3.60000013E-05,4.5427879310414405E-009
3.60300000E-05,4.5427879310414455E-009
3.60599988E-05,4.5427879310414455E-009
3.60900012E-05,4.5427879310414405E-009
3.61200000E-05,4.5427879310414422E-009
3.61499988E-05,4.5427879310414405E-009
3.61800012E-05,4.5427879310414405E-009
3.62100000E-05,4.5427879310414480E-009
3.62399987E-05,4.5427879310414546E-009
3.62700011E-05,4.5427879310414538E-009
3.62999999E-05,4.5427879310414513E-009
3.63299987E-05,4.5427879310414595E-009
3.63600011E-05,4.5427879310414620E-009
3.63899999E-05,4.5427879310414612E-009
3.64200023E-05,4.5427879310414612E-009
3.64500011E-05,4.5427879310414604E-009
3.64799998E-05,4.5427879310414629E-009
3.65100022E-05,4.5427879310414662E-009
3.65400010E-05,4.5427879310414670E-009
3.65699998E-05,4.5427879310414728E-009
3.66000022E-05,4.5427879310414736E-009
3.66300010E-05,4.5427879310414736E-009
3.66599998E-05,4.5427879310414769E-009
3.66900022E-05,4.5427879310414852E-009
3.67200009E-05,4.5427879310414802E-009
3.67499997E-05,4.5427879310414852E-009
3.67800021E-05,4.5427879310414811E-009
3.68100009E-05,4.5427879310414844E-009
3.68399997E-05,4.5427879310414902E-009
3.68700021E-05,4.5427879310414935E-009
3.69000009E-05,4.5427879310414935E-009
3.69299996E-05,4.5427879310414918E-009
3.69600020E-05,4.5427879310414860E-009
3.69900008E-05,4.5427879310414868E-009
3.70199996E-05,4.5427879310414860E-009
3.70500020E-05,4.5427879310414860E-009
3.70800008E-05,4.5427879310414893E-009
3.71099995E-05,4.5427879310414918E-009
3.71400020E-05,4.5427879310414885E-009
3.71700007E-05,4.5427879310414852E-009
3.71999995E-05,4.5427879310414860E-009
3.72300019E-05,4.5427879310414844E-009
3.72600007E-05,4.5427879310414926E-009
3.72899995E-05,4.5427879310414959E-009
3.73200019E-05,4.5427879310414910E-009
3.73500006E-05,4.5427879310414893E-009
3.73799994E-05,4.5427879310414959E-009
3.74100018E-05,4.5427879310414959E-009
3.74400006E-05,4.5427879310414968E-009
3.74699994E-05,4.5427879310414984E-009
3.75000018E-05,4.5427879310414910E-009
3.75300006E-05,4.5427879310414943E-009
3.75599993E-05,4.5427879310414918E-009
3.75900017E-05,4.5427879310414877E-009
3.76200005E-05,4.5427879310414860E-009
3.76499993E-05,4.5427879310414860E-009
3.76800017E-05,4.5427879310414885E-009
3.77100005E-05,4.5427879310414893E-009
3.77399992E-05,4.5427879310414885E-009
3.77700017E-05,4.5427879310414811E-009
3.78000004E-05,4.5427879310414736E-009
3.78299992E-05,4.5427879310414736E-009
3.78600016E-05,4.5427879310414670E-009
3.78900004E-05,4.5427879310414711E-009
3.79199992E-05,4.5427879310414662E-009
3.79500016E-05,4.5427879310414662E-009
3.79800003E-05,4.5427879310414670E-009
3.80099991E-05,4.5427879310414670E-009
3.80400015E-05,4.5427879310414703E-009
3.80700003E-05,4.5427879310414786E-009
3.80999991E-05,4.5427879310414794E-009
3.81300015E-05,4.5427879310414827E-009
3.81600003E-05,4.5427879310414868E-009
3.81899990E-05,4.5427879310414885E-009
3.82200014E-05,4.5427879310414893E-009
3.82500002E-05,4.5427879310414885E-009
3.82799990E-05,4.5427879310414868E-009
3.83100014E-05,4.5427879310414910E-009
3.83400002E-05,4.5427879310414926E-009
3.83699989E-05,4.5427879310414885E-009
3.84000014E-05,4.5427879310414918E-009
3.84300001E-05,4.5427879310414844E-009
3.84599989E-05,4.5427879310414794E-009
3.84900013E-05,4.5427879310414786E-009
3.85200001E-05,4.5427879310414844E-009
3.85499989E-05,4.5427879310414827E-009
3.85800013E-05,4.5427879310414860E-009
3.86100000E-05,4.5427879310414935E-009
3.86399988E-05,4.5427879310414885E-009
3.86700012E-05,4.5427879310414844E-009
3.87000000E-05,4.5427879310414835E-009
3.87299988E-05,4.5427879310414860E-009
3.87600012E-05,4.5427879310414893E-009
3.87900000E-05,4.5427879310414935E-009
3.88199987E-05,4.5427879310414943E-009
3.88500011E-05,4.5427879310414926E-009
3.88799999E-05,4.5427879310414926E-009
3.89100023E-05,4.5427879310414868E-009
3.89400011E-05,4.5427879310414819E-009
3.89699999E-05,4.5427879310414769E-009
3.90000023E-05,4.5427879310414794E-009
3.90300011E-05,4.5427879310414852E-009
3.90599998E-05,4.5427879310414910E-009
3.90900022E-05,4.5427879310414885E-009
3.91200010E-05,4.5427879310414852E-009
3.91499998E-05,4.5427879310414893E-009
3.91800022E-05,4.5427879310414885E-009
3.92100010E-05,4.5427879310414910E-009
3.92399998E-05,4.5427879310414893E-009
3.92700022E-05,4.5427879310414910E-009
3.93000009E-05,4.5427879310414902E-009
3.93299997E-05,4.5427879310414885E-009
3.93600021E-05,4.5427879310414902E-009
3.93900009E-05,4.5427879310414943E-009
3.94199997E-05,4.5427879310414943E-009
3.94500021E-05,4.5427879310414943E-009
3.94800009E-05,4.5427879310414918E-009
3.95099996E-05,4.5427879310414959E-009
3.95400020E-05,4.5427879310414951E-009
3.95700008E-05,4.5427879310414992E-009
3.95999996E-05,4.5427879310415017E-009
3.96300020E-05,4.5427879310415059E-009
3.96600008E-05,4.5427879310415059E-009
3.96899995E-05,4.5427879310415092E-009
3.97200020E-05,4.5427879310415034E-009
3.97500007E-05,4.5427879310415059E-009
3.97799995E-05,4.5427879310415026E-009
3.98100019E-05,4.5427879310415034E-009
3.98400007E-05,4.5427879310415050E-009
3.98699995E-05,4.5427879310415017E-009
3.99000019E-05,4.5427879310415009E-009
3.99300006E-05,4.5427879310414992E-009
3.99599994E-05,4.5427879310415001E-009
3.99900018E-05,4.5427879310415034E-009
4.00200006E-05,4.5427879310415050E-009
4.00499994E-05,4.5427879310415042E-009
4.00800018E-05,4.5427879310415042E-009
4.01100006E-05,4.5427879310415059E-009
4.01399993E-05,4.5427879310415001E-009
4.01700017E-05,4.5427879310414992E-009
4.02000005E-05,4.5427879310414992E-009
4.02299993E-05,4.5427879310414976E-009
4.02600017E-05,4.5427879310414976E-009
4.02900005E-05,4.5427879310414943E-009
4.03199992E-05,4.5427879310414951E-009
4.03500017E-05,4.5427879310414976E-009
4.03800004E-05,4.5427879310414984E-009
4.04099992E-05,4.5427879310414984E-009
4.04400016E-05,4.5427879310415017E-009
4.04700004E-05,4.5427879310415026E-009
4.04999992E-05,4.5427879310414976E-009
4.05300016E-05,4.5427879310415001E-009
4.05600003E-05,4.5427879310415059E-009
4.05899991E-05,4.5427879310415026E-009
4.06200015E-05,4.5427879310414976E-009
4.06500003E-05,4.5427879310414910E-009
4.06799991E-05,4.5427879310414860E-009
4.07100015E-05,4.5427879310414819E-009
4.07400003E-05,4.5427879310414885E-009
4.07699990E-05,4.5427879310414885E-009
4.08000014E-05,4.5427879310414926E-009
4.08300002E-05,4.5427879310414893E-009
4.08599990E-05,4.5427879310414877E-009
4.08900014E-05,4.5427879310414885E-009
4.09200002E-05,4.5427879310414786E-009
4.09499989E-05,4.5427879310414769E-009
4.09800014E-05,4.5427879310414835E-009
4.10100001E-05,4.5427879310414852E-009
4.10399989E-05,4.5427879310414860E-009
4.10700013E-05,4.5427879310414926E-009
4.11000001E-05,4.5427879310414943E-009
4.11299989E-05,4.5427879310414935E-009
4.11600013E-05,4.5427879310414959E-009
4.11900000E-05,4.5427879310414902E-009
4.12199988E-05,4.5427879310414992E-009
4.12500012E-05,4.5427879310414968E-009
4.12800000E-05,4.5427879310414976E-009
4.13099988E-05,4.5427879310415009E-009
4.13400012E-05,4.5427879310415001E-009
4.13700000E-05,4.5427879310415017E-009
4.13999987E-05,4.5427879310414992E-009
4.14300011E-05,4.5427879310415059E-009
4.14599999E-05,4.5427879310415059E-009
4.14900023E-05,4.5427879310415100E-009
4.15200011E-05,4.5427879310415083E-009
4.15499999E-05,4.5427879310415059E-009
4.15800023E-05,4.5427879310414992E-009
4.16100011E-05,4.5427879310414943E-009
4.16399998E-05,4.5427879310414918E-009
4.16700022E-05,4.5427879310414902E-009
4.17000010E-05,4.5427879310414852E-009
4.17299998E-05,4.5427879310414860E-009
4.17600022E-05,4.5427879310414835E-009
4.17900010E-05,4.5427879310414835E-009
4.18199998E-05,4.5427879310414852E-009
4.18500022E-05,4.5427879310414860E-009
4.18800009E-05,4.5427879310414844E-009
4.19099997E-05,4.5427879310414827E-009
4.19400021E-05,4.5427879310414852E-009
4.19700009E-05,4.5427879310414827E-009
4.19999997E-05,4.5427879310414794E-009
4.20300021E-05,4.5427879310414827E-009
4.20600009E-05,4.5427879310414860E-009
4.20899996E-05,4.5427879310414860E-009
4.21200020E-05,4.5427879310414902E-009
4.21500008E-05,4.5427879310414860E-009
4.21799996E-05,4.5427879310414844E-009
4.22100020E-05,4.5427879310414844E-009
4.22400008E-05,4.5427879310414827E-009
4.22699995E-05,4.5427879310414819E-009
4.23000020E-05,4.5427879310414860E-009
4.23300007E-05,4.5427879310414885E-009
4.23599995E-05,4.5427879310414926E-009
4.23900019E-05,4.5427879310414976E-009
4.24200007E-05,4.5427879310414992E-009
4.24499995E-05,4.5427879310414992E-009
4.24800019E-05,4.5427879310415034E-009
4.25100006E-05,4.5427879310415009E-009
4.25399994E-05,4.5427879310414984E-009
4.25700018E-05,4.5427879310414926E-009
4.26000006E-05,4.5427879310414992E-009
4.26299994E-05,4.5427879310414959E-009
4.26600018E-05,4.5427879310414943E-009
4.26900006E-05,4.5427879310414910E-009
4.27199993E-05,4.5427879310414877E-009
4.27500017E-05,4.5427879310414794E-009
4.27800005E-05,4.5427879310414761E-009
4.28099993E-05,4.5427879310414794E-009
4.28400017E-05,4.5427879310414744E-009
4.28700005E-05,4.5427879310414744E-009
4.28999992E-05,4.5427879310414761E-009
4.29300017E-05,4.5427879310414777E-009
4.29600004E-05,4.5427879310414885E-009
4.29899992E-05,4.5427879310414935E-009
4.30200016E-05,4.5427879310414959E-009
4.30500004E-05,4.5427879310414992E-009
4.30799992E-05,4.5427879310414992E-009
