2.99999989E-08,292.99487560777345,
5.99999979E-08,292.99484699199513,
9.00000003E-08,292.99481492258832,
1.19999996E-07,292.99478034350790,
1.50000005E-07,292.99474388261467,
1.80000001E-07,292.99470603949129,
2.09999996E-07,292.99466718056635,
2.39999991E-07,292.99462747038825,
2.70000015E-07,292.99458708161637,
3.00000011E-07,292.99454640773592,
3.30000006E-07,292.99450517055556,
3.60000001E-07,292.99446351675414,
3.89999997E-07,292.99442169476015,
4.19999992E-07,292.99437970295179,
4.50000016E-07,292.99433754187083,
4.79999983E-07,292.99429521097852,
5.10000007E-07,292.99425270973541,
5.40000030E-07,292.99421003760119,
5.69999997E-07,292.99416719566051,
6.00000021E-07,292.99412418120846,
6.29999988E-07,292.99408099587072,
6.60000012E-07,292.99403763856657,
6.90000036E-07,292.99399410929811,
7.20000003E-07,292.99395040698323,
7.50000027E-07,292.99390653162413,
7.79999993E-07,292.99386248376481,
8.10000017E-07,292.99381826124056,
8.39999984E-07,292.99377395064766,
8.70000008E-07,292.99373007911589,
9.00000032E-07,292.99368603779078,
9.29999999E-07,292.99364182613340,
9.59999966E-07,292.99359744522798,
9.89999990E-07,292.99355289453536,
1.02000001E-06,292.99350817297454,
1.05000004E-06,292.99346328108822,
1.08000006E-06,292.99341821833679,
1.10999997E-06,292.99337298255710,
1.13999999E-06,292.99332757591645,
1.17000002E-06,292.99328199679235,
1.20000004E-06,292.99323624572787,
1.23000007E-06,292.99319032110122,
1.25999998E-06,292.99314422345566,
1.29000000E-06,292.99309795387546,
1.32000002E-06,292.99305150911471,
1.35000005E-06,292.99300489079934,
1.38000007E-06,292.99295879704175,
1.40999998E-06,292.99291257897414,
1.44000001E-06,292.99286619168038,
1.47000003E-06,292.99281963353934,
1.50000005E-06,292.99277290671881,
1.53000008E-06,292.99272600851316,
1.55999999E-06,292.99267893946580,
1.59000001E-06,292.99263169903770,
1.62000003E-06,292.99258428777165,
1.65000006E-06,292.99253670512854,
1.67999997E-06,292.99248895002648,
1.70999999E-06,292.99244102246928,
1.74000002E-06,292.99239292245733,
1.77000004E-06,292.99234464945238,
1.80000006E-06,292.99229620345574,
1.82999997E-06,292.99224758446985,
1.86000000E-06,292.99219878978960,
1.89000002E-06,292.99214982320677,
1.91999993E-06,292.99210068039224,
1.95000007E-06,292.99205136351367,
1.97999998E-06,292.99200256197668,
2.01000012E-06,292.99195369892726,
2.04000003E-06,292.99190466614368,
2.06999994E-06,292.99185546254398,
2.10000007E-06,292.99180608921193,
2.12999998E-06,292.99175654506917,
2.16000012E-06,292.99170682795142,
2.19000003E-06,292.99165694110786,
2.21999994E-06,292.99160688129336,
2.25000008E-06,292.99155665067417,
2.27999999E-06,292.99150624600657,
2.31000013E-06,292.99145567053881,
2.34000004E-06,292.99140491994342,
2.36999995E-06,292.99135399746990,
2.40000008E-06,292.99130290095525,
2.43000000E-06,292.99125163040071,
2.46000013E-06,292.99120018580993,
2.49000004E-06,292.99114856610197,
2.51999995E-06,292.99109677235992,
2.55000009E-06,292.99104480350616,
2.58000000E-06,292.99099265845780,
2.61000014E-06,292.99094033938354,
2.64000005E-06,292.99088784303751,
2.66999996E-06,292.99083517050389,
2.70000010E-06,292.99078257393194,
2.73000001E-06,292.99073042016869,
2.76000014E-06,292.99067809346383,
2.79000005E-06,292.99062559706806,
2.81999996E-06,292.99057292773387,
2.85000010E-06,292.99052008654746,
2.88000001E-06,292.99046707242690,
2.91000015E-06,292.99041388645844,
2.94000006E-06,292.99036052647790,
2.96999997E-06,292.99030699465436,
3.00000011E-06,292.99025328774047,
3.03000002E-06,292.99019940682285,
3.06000015E-06,292.99014535190179,
3.09000006E-06,292.99009112406333,
3.11999997E-06,292.99003672006080,
3.15000011E-06,292.98998214097992,
3.18000002E-06,292.98992738574088,
3.20999993E-06,292.98987245651040,
3.24000007E-06,292.98981735112613,
3.26999998E-06,292.98976207067255,
3.30000012E-06,292.98970661190435,
3.33000003E-06,292.98965097590678,
3.35999994E-06,292.98959516592890,
3.39000007E-06,292.98953917656058,
3.41999998E-06,292.98948300996938,
3.45000012E-06,292.98942666615892,
3.48000003E-06,292.98937014296433,
3.50999994E-06,292.98931344363666,
3.54000008E-06,292.98925656384898,
3.56999999E-06,292.98919950576737,
3.60000013E-06,292.98914226831238,
3.63000004E-06,292.98908485040499,
3.65999995E-06,292.98902725421169,
3.69000009E-06,292.98897015058719,
3.72000000E-06,292.98891316298045,
3.75000013E-06,292.98885600033208,
3.78000004E-06,292.98879866264303,
3.80999995E-06,292.98874115099846,
3.83999986E-06,292.98868346323775,
3.87000000E-06,292.98862560044415,
3.90000014E-06,292.98856756045507,
3.93000028E-06,292.98850934543776,
3.95999996E-06,292.98845095323043,
3.99000010E-06,292.98839238383573,
4.02000023E-06,292.98833363942049,
4.04999992E-06,292.98827471673985,
4.08000005E-06,292.98821561579643,
4.11000019E-06,292.98815633767504,
4.13999987E-06,292.98809688129643,
4.17000001E-06,292.98803724666175,
4.20000015E-06,292.98797743269131,
4.22999983E-06,292.98791744047139,
4.25999997E-06,292.98785727108611,
4.29000011E-06,292.98779691912540,
4.32000024E-06,292.98773638784053,
4.34999993E-06,292.98767567831567,
4.38000006E-06,292.98761478730523,
4.41000020E-06,292.98755371697757,
4.43999988E-06,292.98749246517144,
4.47000002E-06,292.98743103296852,
4.50000016E-06,292.98736941929349,
4.52999984E-06,292.98730762198045,
4.55999998E-06,292.98724564644613,
4.59000012E-06,292.98718348619832,
4.62000025E-06,292.98712114448716,
4.64999994E-06,292.98705862023348,
4.68000007E-06,292.98699591452066,
4.71000021E-06,292.98693302410504,
4.73999989E-06,292.98686995007245,
4.77000003E-06,292.98680669350722,
4.80000017E-06,292.98674325224744,
4.82999985E-06,292.98667962737863,
4.85999999E-06,292.98661581673855,
4.89000013E-06,292.98655182357709,
4.92000026E-06,292.98648764248549,
4.94999995E-06,292.98642327887774,
4.98000009E-06,292.98635872950933,
5.01000022E-06,292.98629399330378,
5.03999991E-06,292.98622907134234,
5.07000004E-06,292.98616396254704,
5.10000018E-06,292.98609866800325,
5.12999986E-06,292.98603318771256,
5.16000000E-06,292.98596751843434,
5.19000014E-06,292.98590166125041,
5.22000028E-06,292.98583561941200,
5.24999996E-06,292.98576938751086,
5.28000010E-06,292.98570296663058,
5.31000023E-06,292.98563669428341,
5.33999992E-06,292.98557103236806,
5.37000005E-06,292.98550518796083,
5.40000019E-06,292.98543916106632,
5.42999987E-06,292.98537294952553,
5.46000001E-06,292.98530655550184,
5.49000015E-06,292.98523997791801,
5.52000029E-06,292.98517321569244,
5.54999997E-06,292.98510627099569,
5.58000011E-06,292.98503914166406,
5.61000024E-06,292.98497182661845,
5.63999993E-06,292.98490432911012,
5.67000006E-06,292.98483664372793,
5.70000020E-06,292.98476877480607,
5.72999988E-06,292.98470071801785,
5.76000002E-06,292.98463247661431,
5.79000016E-06,292.98456404951247,
5.82000030E-06,292.98449543671973,
5.84999998E-06,292.98442663607187,
5.88000012E-06,292.98435764757255,
5.91000025E-06,292.98428847339028,
5.93999994E-06,292.98421911244384,
5.97000007E-06,292.98414956365650,
6.00000021E-06,292.98407982594898,
6.02999989E-06,292.98400990148707,
6.06000003E-06,292.98393978702757,
6.09000017E-06,292.98386948365595,
6.12000031E-06,292.98379899462270,
6.14999999E-06,292.98372831451991,
6.18000013E-06,292.98365744443197,
6.21000027E-06,292.98358638544562,
6.23999995E-06,292.98351513539751,
6.27000009E-06,292.98344369645724,
6.30000022E-06,292.98337206646283,
6.32999991E-06,292.98330024541713,
6.36000004E-06,292.98322823549097,
6.39000018E-06,292.98315603127105,
6.41999986E-06,292.98308363709384,
6.45000000E-06,292.98301105296036,
6.48000014E-06,292.98293827671023,
6.51000028E-06,292.98286530834719,
6.53999996E-06,292.98279214354602,
6.57000010E-06,292.98271878880172,
6.60000023E-06,292.98264524195463,
6.62999992E-06,292.98257150300674,
6.66000005E-06,292.98249756763403,
6.69000019E-06,292.98242344233557,
6.71999987E-06,292.98234912061537,
6.75000001E-06,292.98227460247961,
6.78000015E-06,292.98219989442703,
6.81000029E-06,292.98212498780151,
6.83999997E-06,292.98204988909947,
6.87000011E-06,292.98197459399688,
6.90000024E-06,292.98189910466101,
6.92999993E-06,292.98182341892925,
6.96000006E-06,292.98174753680939,
6.99000020E-06,292.98167145830075,
7.01999988E-06,292.98159518341095,
7.05000002E-06,292.98151871646826,
7.08000016E-06,292.98144204665658,
7.11000030E-06,292.98136518047102,
7.13999998E-06,292.98128811791622,
7.17000012E-06,292.98121085683357,
7.20000025E-06,292.98113339938527,
7.22999994E-06,292.98105574558338,
7.26000007E-06,292.98097788893006,
7.29000021E-06,292.98089983593024,
7.31999990E-06,292.98082158441503,
7.35000003E-06,292.98074313222946,
7.38000017E-06,292.98066448153753,
7.41000031E-06,292.98058563234781,
7.43999999E-06,292.98050658249383,
7.47000013E-06,292.98042733198724,
7.50000027E-06,292.98034787865947,
7.52999995E-06,292.98026822684687,
7.56000009E-06,292.98018837438951,
7.59000022E-06,292.98010832129046,
7.61999991E-06,292.98002806539000,
7.65000004E-06,292.97994760885399,
7.67999973E-06,292.97986694952283,
7.71000032E-06,292.97978608956657,
7.74000000E-06,292.97970502682517,
7.76999968E-06,292.97962375913210,
7.80000028E-06,292.97954229082700,
7.82999996E-06,292.97946061758137,
7.86000055E-06,292.97937874373019,
7.89000023E-06,292.97929666494679,
7.91999992E-06,292.97921437907098,
7.95000051E-06,292.97913189260316,
7.98000019E-06,292.97904920121226,
8.00999987E-06,292.97896630491005,
8.04000047E-06,292.97888320152856,
8.07000015E-06,292.97879989540604,
8.09999983E-06,292.97871638438232,
8.13000042E-06,292.97863266629474,
8.16000011E-06,292.97854874114716,
8.18999979E-06,292.97846461110669,
8.22000038E-06,292.97838027618087,
8.25000006E-06,292.97829573420847,
8.27999975E-06,292.97821098086547,
8.31000034E-06,292.97812602697672,
8.34000002E-06,292.97804085956284,
8.36999970E-06,292.97795548944703,
8.40000030E-06,292.97786990797579,
8.42999998E-06,292.97778411948252,
8.45999966E-06,292.97769812181150,
8.49000025E-06,292.97761191928856,
8.51999994E-06,292.97752550326902,
8.55000053E-06,292.97743887807655,
8.58000021E-06,292.97735204588662,
8.60999990E-06,292.97726500237604,
8.64000049E-06,292.97717774970545,
8.67000017E-06,292.97709028572331,
8.69999985E-06,292.97700261475541,
8.73000045E-06,292.97691473031955,
8.76000013E-06,292.97682663241869,
8.78999981E-06,292.97673832971128,
8.82000040E-06,292.97664980922059,
8.85000009E-06,292.97656108176795,
8.87999977E-06,292.97647183169283,
8.91000036E-06,292.97638114017752,
8.94000004E-06,292.97629022443175,
8.96999973E-06,292.97619909528458,
9.00000032E-06,292.97610773974549,
9.03000000E-06,292.97601616432206,
9.05999968E-06,292.97592436901130,
9.09000028E-06,292.97583235382319,
9.11999996E-06,292.97574011443101,
9.15000055E-06,292.97564765733875,
9.18000023E-06,292.97555497821406,
9.20999992E-06,292.97546207274058,
9.24000051E-06,292.97536894524791,
9.27000019E-06,292.97527559574166,
9.29999987E-06,292.97518202422845,
9.33000047E-06,292.97508823071189,
9.36000015E-06,292.97499421303246,
9.38999983E-06,292.97489996903016,
9.42000042E-06,292.97480550304135,
9.45000011E-06,292.97471081290587,
9.47999979E-06,292.97461589862507,
9.51000038E-06,292.97452075804949,
9.54000006E-06,292.97442539333656,
9.56999975E-06,292.97432980016993,
9.60000034E-06,292.97423398721355,
9.63000002E-06,292.97413794364411,
9.65999971E-06,292.97404167813056,
9.69000030E-06,292.97394518201952,
9.71999998E-06,292.97384845964359,
9.75000057E-06,292.97375151317158,
9.78000025E-06,292.97365433828344,
9.80999994E-06,292.97355693498162,
9.84000053E-06,292.97345930543901,
9.87000021E-06,292.97336144749022,
9.89999990E-06,292.97326335898606,
9.93000049E-06,292.97316504425282,
9.96000017E-06,292.97306649896598,
9.98999985E-06,292.97296772746677,
1.00200004E-05,292.97286872542520,
1.00500001E-05,292.97276949285379,
1.00799998E-05,292.97267003191439,
1.01100004E-05,292.97257034045884,
1.01400001E-05,292.97247041848408,
1.01699998E-05,292.97237026383175,
1.02000004E-05,292.97226988084014,
1.02300000E-05,292.97216926518581,
1.02599997E-05,292.97206842335913,
1.02900003E-05,292.97196734455565,
1.03200000E-05,292.97186603310752,
1.03499997E-05,292.97176449334137,
1.03800003E-05,292.97166271661547,
1.04100000E-05,292.97156071158605,
1.04400006E-05,292.97145846960132,
1.04700002E-05,292.97135599716415,
1.04999999E-05,292.97125328994900,
1.05300005E-05,292.97115035013155,
1.05600002E-05,292.97104717554453,
1.05899999E-05,292.97094376836151,
1.06200005E-05,292.97084012426205,
1.06500001E-05,292.97073624541764,
1.06799998E-05,292.97063213399161,
1.07100004E-05,292.97052778566592,
1.07400001E-05,292.97042320044829,
1.07699998E-05,292.97031837834402,
1.08000004E-05,292.97021332151985,
1.08300001E-05,292.97010802998489,
1.08599997E-05,292.97000103428758,
1.08900003E-05,292.96989346896794,
1.09200000E-05,292.96978566250596,
1.09499997E-05,292.96967760624216,
1.09800003E-05,292.96956930452609,
1.10100000E-05,292.96946075735559,
1.10400006E-05,292.96935196689753,
1.10700003E-05,292.96924292667120,
1.10999999E-05,292.96913363885074,
1.11300005E-05,292.96902410776374,
1.11600002E-05,292.96891432476161,
1.11899999E-05,292.96880429634666,
1.12200005E-05,292.96869401819947,
1.12500002E-05,292.96858349248390,
1.12799999E-05,292.96847271920700,
1.13100004E-05,292.96836169621849,
1.13400001E-05,292.96825042351861,
1.13699998E-05,292.96813890544973,
1.14000004E-05,292.96802713118586,
1.14300001E-05,292.96791511372913,
1.14599998E-05,292.96780284009571,
1.14900004E-05,292.96769031678900,
1.15200000E-05,292.96757754597280,
1.15499997E-05,292.96746452117378,
1.15800003E-05,292.96735124671909,
1.16100000E-05,292.96723772045311,
1.16400006E-05,292.96712394238136,
1.16700003E-05,292.96700991250873,
1.17000000E-05,292.96689563084760,
1.17300006E-05,292.96678109307709,
1.17600002E-05,292.96666630568780,
1.17899999E-05,292.96655126437247,
1.18200005E-05,292.96643596695861,
1.18500002E-05,292.96632041779912,
1.18799999E-05,292.96620461472446,
1.19100005E-05,292.96608855990428,
1.19400001E-05,292.96597224686440,
1.19699998E-05,292.96585567776924,
1.20000004E-05,292.96573885694852,
1.20300001E-05,292.96562177792873,
1.20599998E-05,292.96550444503987,
1.20900004E-05,292.96538685829228,
1.21200001E-05,292.96526900902973,
1.21499997E-05,292.96515024490554,
1.21800003E-05,292.96502990710485,
1.22100000E-05,292.96490931120036,
1.22400006E-05,292.96478843987495,
1.22700003E-05,292.96466731046200,
1.23000000E-05,292.96454590998178,
1.23300006E-05,292.96442424276211,
1.23600003E-05,292.96430230882874,
1.23899999E-05,292.96418010383695,
1.24200005E-05,292.96405763646749,
1.24500002E-05,292.96393490240121,
1.24799999E-05,292.96381189298563,
1.25100005E-05,292.96368862120937,
1.25400002E-05,292.96356507843063,
1.25699999E-05,292.96344126465215,
1.26000004E-05,292.96331751251364,
1.26300001E-05,292.96319520431393,
1.26599998E-05,292.96307263373888,
1.26900004E-05,292.96294980080222,
1.27200001E-05,292.96282332326132,
1.27499998E-05,292.96269584482553,
1.27800004E-05,292.96256808253031,
1.28100000E-05,292.96244004071104,
1.28399997E-05,292.96231171934807,
1.28700003E-05,292.96218311416476,
1.29000000E-05,292.96205422946747,
1.29300006E-05,292.96192506528598,
1.29600003E-05,292.96179561728843,
1.29900000E-05,292.96166588548215,
1.30200006E-05,292.96153587853644,
1.30500002E-05,292.96140557916101,
1.30799999E-05,292.96127499599584,
1.31100005E-05,292.96114413339643,
1.31400002E-05,292.96101298703735,
1.31699999E-05,292.96088156126126,
1.32000005E-05,292.96074984307688,
1.32300001E-05,292.96061784549954,
1.32599998E-05,292.96048555553807,
1.32900004E-05,292.96035299051971,
1.33200001E-05,292.96022013314206,
1.33499998E-05,292.96008699207999,
1.33800004E-05,292.95995356299403,
1.34100001E-05,292.95981985022672,
1.34399997E-05,292.95968584947542,
1.34700003E-05,292.95955156074137,
1.35000000E-05,292.95941698403391,
1.35300006E-05,292.95928211934552,
1.35600003E-05,292.95914697104939,
1.35900000E-05,292.95901153045725,
1.36200006E-05,292.95887580627550,
1.36500003E-05,292.95873978983172,
1.36799999E-05,292.95860348114121,
1.37100005E-05,292.95846688453923,
1.37400002E-05,292.95833000437585,
1.37699999E-05,292.95819282766035,
1.38000005E-05,292.95805535874200,
1.38300002E-05,292.95791760194913,
1.38599999E-05,292.95777955298036,
1.38900004E-05,292.95764121183583,
1.39200001E-05,292.95750257851807,
1.39499998E-05,292.95736366169547,
1.39800004E-05,292.95722444407465,
1.40100001E-05,292.95708493864248,
1.40399998E-05,292.95694514108891,
1.40700004E-05,292.95680504275686,
1.41000000E-05,292.95666466097430,
1.41300006E-05,292.95652397411601,
1.41600003E-05,292.95638300382439,
1.41900000E-05,292.95624173280891,
1.42200006E-05,292.95610016971318,
1.42500003E-05,292.95595831024582,
1.42800000E-05,292.95581615873323,
1.43100006E-05,292.95567370652680,
1.43400002E-05,292.95553096661166,
1.43699999E-05,292.95538792171322,
1.44000005E-05,292.95524458481600,
1.44300002E-05,292.95510094725500,
1.44599999E-05,292.95495701772433,
1.44900005E-05,292.95481278755784,
1.45200001E-05,292.95466826109839,
1.45499998E-05,292.95452270879952,
1.45800004E-05,292.95437289742051,
1.46100001E-05,292.95422276398307,
1.46399998E-05,292.95407232146493,
1.46700004E-05,292.95392155689325,
1.47000001E-05,292.95377047030382,
1.47299997E-05,292.95361906602494,
1.47600003E-05,292.95346734404200,
1.47900000E-05,292.95331529575049,
1.48200006E-05,292.95316293411912,
1.48500003E-05,292.95301024619255,
1.48800000E-05,292.95285724063200,
1.49100006E-05,292.95270391745754,
1.49400003E-05,292.95255026367954,
1.49699999E-05,292.95239629231094,
1.50000005E-05,292.95224199470323,
1.50300002E-05,292.95208738384298,
1.50599999E-05,292.95193243812628,
1.50900005E-05,292.95177717484643,
1.51200002E-05,292.95162159403242,
1.51499999E-05,292.95146567839697,
1.51800004E-05,292.95130944524124,
1.52100001E-05,292.95115288593655,
1.52399998E-05,292.95099600049502,
1.52699995E-05,292.95083878460252,
1.53000001E-05,292.95068125123657,
1.53300007E-05,292.95052338744443,
1.53599995E-05,292.95036520188631,
1.53900000E-05,292.95020668593429,
1.54200006E-05,292.95004784391557,
1.54499994E-05,292.94988867151721,
1.54800000E-05,292.94972917308570,
1.55100006E-05,292.94956934862324,
1.55399994E-05,292.94940919814229,
1.55700000E-05,292.94924871302413,
1.56000006E-05,292.94908790191130,
1.56299993E-05,292.94892676481618,
1.56599999E-05,292.94876528878666,
1.56900005E-05,292.94860349545701,
1.57200011E-05,292.94844136323644,
1.57499999E-05,292.94827890073907,
1.57800005E-05,292.94811610369970,
1.58100011E-05,292.94795298508467,
1.58399998E-05,292.94778953192468,
1.58700004E-05,292.94762573994535,
1.59000010E-05,292.94746162641803,
1.59299998E-05,292.94729716974405,
1.59600004E-05,292.94713238291820,
1.59900010E-05,292.94696727028679,
1.60199997E-05,292.94680181453685,
1.60500003E-05,292.94663602869190,
1.60800009E-05,292.94646800580017,
1.61099997E-05,292.94629633960534,
1.61400003E-05,292.94612432189757,
1.61700009E-05,292.94595194406327,
1.61999997E-05,292.94577920607685,
1.62300003E-05,292.94560611662945,
1.62600008E-05,292.94543266277481,
1.62899996E-05,292.94525885314437,
1.63200002E-05,292.94508468778236,
1.63500008E-05,292.94491016233894,
1.63799996E-05,292.94473528119244,
1.64100002E-05,292.94456004002421,
1.64400008E-05,292.94438443453453,
1.64699995E-05,292.94420846905183,
1.65000001E-05,292.94403214791402,
1.65300007E-05,292.94385546246798,
1.65599995E-05,292.94367841709328,
1.65900001E-05,292.94350100747101,
1.66200007E-05,292.94332323791804,
1.66499995E-05,292.94314510848039,
1.66800000E-05,292.94296661050532,
1.67100006E-05,292.94278775266565,
1.67399994E-05,292.94260853496547,
1.67700000E-05,292.94242895310651,
1.68000006E-05,292.94224900279090,
1.68299994E-05,292.94206868832612,
1.68600000E-05,292.94188801409189,
1.68900006E-05,292.94170696710313,
1.69199993E-05,292.94152556468782,
1.69499999E-05,292.94134378955874,
1.69800005E-05,292.94116164607482,
1.70100011E-05,292.94097913854313,
1.70399999E-05,292.94079626701136,
1.70700005E-05,292.94061302283814,
1.71000011E-05,292.94042941466193,
1.71299998E-05,292.94024543818796,
1.71600004E-05,292.94006109347458,
1.71900010E-05,292.93987638050470,
1.72199998E-05,292.93969129494940,
1.72500004E-05,292.93950584552476,
1.72800010E-05,292.93932002353500,
1.73099997E-05,292.93913382473914,
1.73400003E-05,292.93894726640031,
1.73700009E-05,292.93876033558797,
1.73999997E-05,292.93857181639123,
1.74300003E-05,292.93837844942686,
1.74600009E-05,292.93818467999961,
1.74899997E-05,292.93799051246054,
1.75200003E-05,292.93779595977361,
1.75500008E-05,292.93760100468785,
1.75799996E-05,292.93740565155542,
1.76100002E-05,292.93720990900516,
1.76400008E-05,292.93701376412196,
1.76699996E-05,292.93681722122238,
1.77000002E-05,292.93662028033663,
1.77300008E-05,292.93642294149424,
1.77599995E-05,292.93622520037962,
1.77900001E-05,292.93602706997774,
1.78200007E-05,292.93582853302911,
1.78499995E-05,292.93562959386270,
1.78800001E-05,292.93543026114133,
1.79100007E-05,292.93523052625108,
1.79399995E-05,292.93503038488751,
1.79700000E-05,292.93482984570267,
1.80000006E-05,292.93462890442811,
1.80299994E-05,292.93442756535580,
1.80600000E-05,292.93422581988591,
1.80900006E-05,292.93402366804816,
1.81199994E-05,292.93382111417162,
1.81500000E-05,292.93361815828729,
1.81800006E-05,292.93341479609228,
1.82100011E-05,292.93321103191442,
1.82399999E-05,292.93300686146421,
1.82700005E-05,292.93280229339194,
1.83000011E-05,292.93259730611891,
1.83299999E-05,292.93239192127430,
1.83600005E-05,292.93218613023413,
1.83900011E-05,292.93197992870711,
1.84199998E-05,292.93177332102277,
1.84500004E-05,292.93156630287945,
1.84800010E-05,292.93135887432061,
1.85099998E-05,292.93115104828075,
1.85400004E-05,292.93094280754406,
1.85700010E-05,292.93073415209204,
1.85999997E-05,292.93052203982813,
1.86300003E-05,292.93030638906197,
1.86600009E-05,292.93009031097665,
1.86899997E-05,292.92987379693841,
1.87200003E-05,292.92965684699413,
1.87500009E-05,292.92943946114104,
1.87799997E-05,292.92922163943842,
1.88100003E-05,292.92900338620410,
1.88400008E-05,292.92878467984144,
1.88699996E-05,292.92856554632596,
1.89000002E-05,292.92834597702364,
1.89300008E-05,292.92812596334096,
1.89599996E-05,292.92790551391596,
1.89900002E-05,292.92768462012947,
1.90200008E-05,292.92746329069809,
1.90499995E-05,292.92724151692340,
1.90800001E-05,292.92701930752344,
1.91100007E-05,292.92679664523661,
1.91399995E-05,292.92657355601119,
1.91700001E-05,292.92635001391812,
1.92000007E-05,292.92612603629004,
1.92299995E-05,292.92590161448237,
1.92600000E-05,292.92567674859754,
1.92900006E-05,292.92545143857882,
1.93199994E-05,292.92522567583467,
1.93500000E-05,292.92499948628529,
1.93800006E-05,292.92477283547021,
1.94099994E-05,292.92454574925483,
1.94400000E-05,292.92431821907587,
1.94700006E-05,292.92409023626129,
1.95000011E-05,292.92386180088909,
1.95299999E-05,292.92363293026563,
1.95600005E-05,292.92340360710472,
1.95900011E-05,292.92317383143035,
1.96199999E-05,292.92294361193512,
1.96500005E-05,292.92271293997391,
1.96800011E-05,292.92248111794112,
1.97099998E-05,292.92224292673916,
1.97400004E-05,292.92200425760177,
1.97700010E-05,292.92176511055357,
1.97999998E-05,292.92152548553776,
1.98300004E-05,292.92128538263665,
1.98600010E-05,292.92104481051746,
1.98899997E-05,292.92080375198265,
1.99200003E-05,292.92056221558624,
1.99500009E-05,292.92032020144040,
1.99799997E-05,292.92007770957173,
2.00100003E-05,292.91983472269919,
2.00400009E-05,292.91959127538058,
2.00699997E-05,292.91934733314127,
2.01000003E-05,292.91910291328850,
2.01300008E-05,292.91885801584885,
2.01599996E-05,292.91861262351301,
2.01900002E-05,292.91836676228490,
2.02200008E-05,292.91812040630396,
2.02499996E-05,292.91787358145677,
2.02800002E-05,292.91762626188290,
2.03100008E-05,292.91737844760979,
2.03399995E-05,292.91713015594468,
2.03700001E-05,292.91688138688505,
2.04000007E-05,292.91663212324102,
2.04299995E-05,292.91638237361968,
2.04600001E-05,292.91613213810950,
2.04900007E-05,292.91588140806948,
2.05199995E-05,292.91563020080594,
2.05500000E-05,292.91537849910048,
2.05800006E-05,292.91512631162118,
2.06099994E-05,292.91487362969571,
2.06400000E-05,292.91462046205402,
2.06700006E-05,292.91436680005415,
2.06999994E-05,292.91411069849670,
2.07300000E-05,292.91384897301208,
2.07600006E-05,292.91358671911053,
2.07900011E-05,292.91332395406789,
2.08199999E-05,292.91306067797950,
2.08500005E-05,292.91279686493033,
2.08800011E-05,292.91253254086763,
2.09099999E-05,292.91226768857933,
2.09400005E-05,292.91200231670371,
2.09700011E-05,292.91173642530492,
2.09999998E-05,292.91146999707695,
2.10300004E-05,292.91120305802741,
2.10600010E-05,292.91093559094696,
2.10899998E-05,292.91066760440958,
2.11200004E-05,292.91039907260046,
2.11500010E-05,292.91013003873826,
2.11799997E-05,292.90986046830756,
2.12100003E-05,292.90959036134171,
2.12400009E-05,292.90931974371921,
2.12699997E-05,292.90904858972692,
2.13000003E-05,292.90877690787096,
2.13300009E-05,292.90850469828325,
2.13599997E-05,292.90823196099711,
2.13900003E-05,292.90795868731180,
2.14200008E-05,292.90768489469826,
2.14499996E-05,292.90741055711561,
2.14800002E-05,292.90713570064088,
2.15100008E-05,292.90686031660408,
2.15399996E-05,292.90658437909809,
2.15700002E-05,292.90630792283611,
2.16000008E-05,292.90603093044570,
2.16299995E-05,292.90575340206107,
2.16600001E-05,292.90547132924144,
2.16900007E-05,292.90518519422642,
2.17199995E-05,292.90489849784865,
2.17500001E-05,292.90461122287292,
2.17800007E-05,292.90432338654165,
2.18099995E-05,292.90403498895961,
2.18400000E-05,292.90374602149603,
2.18700006E-05,292.90345648429474,
2.18999994E-05,292.90316638585347,
2.19300000E-05,292.90287571771586,
2.19600006E-05,292.90258447128639,
2.19900012E-05,292.90229266380283,
2.20200000E-05,292.90200027803445,
2.20500006E-05,292.90170734002976,
2.20800011E-05,292.90141382378278,
2.21099999E-05,292.90111972087703,
2.21400005E-05,292.90082506571019,
2.21700011E-05,292.90052982392791,
2.21999999E-05,292.90023402132925,
2.22300005E-05,292.89993763223168,
2.22600011E-05,292.89964067379748,
2.22899998E-05,292.89934314613953,
2.23200004E-05,292.89904504070074,
2.23500010E-05,292.89874634881534,
2.23799998E-05,292.89844709642290,
2.24100004E-05,292.89814725770083,
2.24400010E-05,292.89784684132388,
2.24699997E-05,292.89754585603890,
2.25000003E-05,292.89724428447215,
2.25300009E-05,292.89694213537229,
2.25599997E-05,292.89663553208806,
2.25900003E-05,292.89632422570179,
2.26200009E-05,292.89601231660930,
2.26499997E-05,292.89569978751700,
2.26800003E-05,292.89538663846969,
2.27100008E-05,292.89507288677800,
2.27399996E-05,292.89475852389245,
2.27700002E-05,292.89444354114863,
2.28000008E-05,292.89412794730157,
2.28299996E-05,292.89381173376370,
2.28600002E-05,292.89349490913656,
2.28900008E-05,292.89317745635657,
2.29199995E-05,292.89285939254120,
2.29500001E-05,292.89254071792851,
2.29800007E-05,292.89222142381772,
2.30099995E-05,292.89190150170060,
2.30400001E-05,292.89158097744138,
2.30700007E-05,292.89125980792727,
2.30999995E-05,292.89093802784970,
2.31300000E-05,292.89061562854664,
2.31600006E-05,292.89029261869683,
2.31899994E-05,292.88996897245278,
2.32200000E-05,292.88964471579374,
2.32500006E-05,292.88931982279661,
2.32800012E-05,292.88899430229918,
2.33100000E-05,292.88866817145089,
2.33400006E-05,292.88834141311742,
2.33700011E-05,292.88801401871882,
2.33999999E-05,292.88768600552231,
2.34300005E-05,292.88734983186879,
2.34600011E-05,292.88701211241488,
2.34899999E-05,292.88667371453874,
2.35200005E-05,292.88633466418383,
2.35500011E-05,292.88599494418253,
2.35799998E-05,292.88565456313523,
2.36100004E-05,292.88531352980857,
2.36400010E-05,292.88497182691350,
2.36699998E-05,292.88462945467001,
2.37000004E-05,292.88428642159596,
2.37300010E-05,292.88394271915621,
2.37599997E-05,292.88359834748820,
2.37900003E-05,292.88325331510708,
2.38200009E-05,292.88290761364959,
2.38499997E-05,292.88256126034304,
2.38800003E-05,292.88221421201393,
2.39100009E-05,292.88186651203063,
2.39399997E-05,292.88151813439077,
2.39700003E-05,292.88116909666229,
2.40000008E-05,292.88081937271789,
2.40299996E-05,292.88046899729608,
2.40600002E-05,292.88011793589584,
2.40900008E-05,292.87976619724697,
2.41199996E-05,292.87941379861553,
2.41500002E-05,292.87906070554897,
2.41800008E-05,292.87870696141403,
2.42099995E-05,292.87835253149643,
2.42400001E-05,292.87799205984135,
2.42700007E-05,292.87762736696624,
2.42999995E-05,292.87726197202909,
2.43300001E-05,292.87689584925437,
2.43600007E-05,292.87652902449798,
2.43899995E-05,292.87616146335728,
2.44200000E-05,292.87579322637254,
2.44500006E-05,292.87542424445741,
2.44800012E-05,292.87505456089542,
2.45100000E-05,292.87468414987273,
2.45400006E-05,292.87431304595708,
2.45700012E-05,292.87394120607911,
2.46000000E-05,292.87356864746511,
2.46300006E-05,292.87319537893842,
2.46600011E-05,292.87282139193888,
2.46899999E-05,292.87244666914017,
2.47200005E-05,292.87207123666900,
2.47500011E-05,292.87169508591563,
2.47799999E-05,292.87131820822816,
2.48100005E-05,292.87094062101386,
2.48400011E-05,292.87056230704167,
2.48699998E-05,292.87018325774869,
2.49000004E-05,292.86980349917013,
2.49300010E-05,292.86942299682636,
2.49599998E-05,292.86904177660830,
2.49900004E-05,292.86865983872411,
2.50200010E-05,292.86827436096434,
2.50499997E-05,292.86788159617316,
2.50800003E-05,292.86748806292502,
2.51100009E-05,292.86709377834853,
2.51399997E-05,292.86669871688179,
2.51700003E-05,292.86630289565443,
2.52000009E-05,292.86590629772974,
2.52299997E-05,292.86550894009048,
2.52600003E-05,292.86511081457326,
2.52900008E-05,292.86471192953371,
2.53199996E-05,292.86431225937025,
2.53500002E-05,292.86391181273081,
2.53800008E-05,292.86351060698422,
2.54099996E-05,292.86310863352941,
2.54400002E-05,292.86270588386918,
2.54700008E-05,292.86230237537342,
2.54999995E-05,292.86189806475210,
2.55300001E-05,292.86149298692141,
2.55600007E-05,292.86108713313382,
2.55899995E-05,292.86068052932893,
2.56200001E-05,292.86027311538038,
2.56500007E-05,292.85986494294224,
2.56799995E-05,292.85945599489554,
2.57100000E-05,292.85904624545611,
2.57400006E-05,292.85863574652677,
2.57700012E-05,292.85822425765974,
2.58000000E-05,292.85780236108616,
2.58300006E-05,292.85737964707681,
2.58600012E-05,292.85695611566229,
2.58900000E-05,292.85653174983969,
2.59200006E-05,292.85610659269213,
2.59500011E-05,292.85568059252483,
2.59799999E-05,292.85525376697711,
2.60100005E-05,292.85482611561059,
2.60400011E-05,292.85439765627410,
2.60699999E-05,292.85396835425485,
2.61000005E-05,292.85353824422344,
2.61300011E-05,292.85310729178633,
2.61599998E-05,292.85267553161390,
2.61900004E-05,292.85224292920458,
2.62200010E-05,292.85180950178011,
2.62499998E-05,292.85137524974499,
2.62800004E-05,292.85094015562464,
2.63100010E-05,292.85050423695947,
2.63399997E-05,292.85006749372911,
2.63700003E-05,292.84962990899925,
2.64000009E-05,292.84919148242255,
2.64299997E-05,292.84875223175931,
2.64600003E-05,292.84831215698881,
2.64900009E-05,292.84787122350502,
2.65199997E-05,292.84742403713034,
2.65500003E-05,292.84697111217093,
2.65800008E-05,292.84651734716402,
2.66099996E-05,292.84606267326438,
2.66400002E-05,292.84560714227138,
2.66700008E-05,292.84515073715971,
2.66999996E-05,292.84469344067685,
2.67300002E-05,292.84423525292033,
2.67600008E-05,292.84377620845595,
2.67899995E-05,292.84331625579040,
2.68200001E-05,292.84285542949073,
2.68500007E-05,292.84239371242080,
2.68799995E-05,292.84193113891780,
2.69100001E-05,292.84146764060353,
2.69400007E-05,292.84100328593553,
2.69699995E-05,292.84053804112290,
2.70000000E-05,292.84007188868753,
2.70300006E-05,292.83960484595974,
2.70600012E-05,292.83913694796871,
2.70900000E-05,292.83866814241964,
2.71200006E-05,292.83819842988083,
2.71500012E-05,292.83772784479851,
2.71800000E-05,292.83725637004233,
2.72100006E-05,292.83678400583182,
2.72400011E-05,292.83630286341037,
2.72699999E-05,292.83581788954160,
2.73000005E-05,292.83533199299706,
2.73300011E-05,292.83484515677623,
2.73599999E-05,292.83435736376231,
2.73900005E-05,292.83386864840242,
2.74200011E-05,292.83337899381564,
2.74499998E-05,292.83288838289201,
2.74800004E-05,292.83239684995209,
2.75100010E-05,292.83190436102046,
2.75399998E-05,292.83141093294449,
2.75700004E-05,292.83091654885760,
2.76000010E-05,292.83042124369086,
2.76299997E-05,292.82992498249342,
2.76600003E-05,292.82942776586884,
2.76900009E-05,292.82892961078852,
2.77199997E-05,292.82843051773619,
2.77500003E-05,292.82793046947739,
2.77800009E-05,292.82742944865362,
2.78099997E-05,292.82692749020458,
2.78400003E-05,292.82642459412006,
2.78700008E-05,292.82592074303835,
2.78999996E-05,292.82541592036040,
2.79300002E-05,292.82490350943300,
2.79600008E-05,292.82438549523130,
2.79899996E-05,292.82386649347387,
2.80200002E-05,292.82334648719160,
2.80500008E-05,292.82282547650829,
2.80799995E-05,292.82230349573655,
2.81100001E-05,292.82178047663564,
2.81400007E-05,292.82125645325533,
2.81699995E-05,292.82073142624398,
2.82000001E-05,292.82020542977858,
2.82300007E-05,292.81967839536918,
2.82600013E-05,292.81915037454070,
2.82900000E-05,292.81862131602946,
2.83200006E-05,292.81809127148671,
2.83500012E-05,292.81756020673907,
2.83800000E-05,292.81702813887051,
2.84100006E-05,292.81649506841046,
2.84400012E-05,292.81596097800474,
2.84700000E-05,292.81542586778659,
2.85000006E-05,292.81488977245061,
2.85300011E-05,292.81435262326960,
2.85599999E-05,292.81381448923770,
2.85900005E-05,292.81327465230510,
2.86200011E-05,292.81272271199435,
2.86499999E-05,292.81216970257532,
2.86800005E-05,292.81161565875772,
2.87100011E-05,292.81106052863237,
2.87399998E-05,292.81050432982960,
2.87700004E-05,292.80994707971087,
2.88000010E-05,292.80938874399345,
2.88299998E-05,292.80882934017217,
2.88600004E-05,292.80826890254281,
2.88900010E-05,292.80770736253845,
2.89199997E-05,292.80714473780125,
2.89500003E-05,292.80658106234006,
2.89800009E-05,292.80601631965300,
2.90099997E-05,292.80545049225344,
2.90400003E-05,292.80488361485021,
2.90700009E-05,292.80431563624808,
2.90999997E-05,292.80374657352201,
2.91300003E-05,292.80317646138252,
2.91600008E-05,292.80260524820966,
2.91899996E-05,292.80203295165148,
2.92200002E-05,292.80145960584224,
2.92500008E-05,292.80088481803779,
2.92799996E-05,292.80029703768543,
2.93100002E-05,292.79970810714582,
2.93400008E-05,292.79911807805462,
2.93699995E-05,292.79852689939122,
2.94000001E-05,292.79793458809451,
2.94300007E-05,292.79734112696752,
2.94599995E-05,292.79674658573441,
2.94900001E-05,292.79615086074369,
2.95200007E-05,292.79555398671806,
2.95500013E-05,292.79495601558716,
2.95800000E-05,292.79435687854863,
2.96100006E-05,292.79375662752983,
2.96400012E-05,292.79315521094242,
2.96700000E-05,292.79255268071012,
2.97000006E-05,292.79194896804785,
2.97300012E-05,292.79134415928098,
2.97600000E-05,292.79073816857345,
2.97900006E-05,292.79013106489907,
2.98200011E-05,292.78952279682977,
2.98499999E-05,292.78891338158274,
2.98800005E-05,292.78830281963184,
2.99100011E-05,292.78768545129270,
2.99399999E-05,292.78705979540160,
2.99700005E-05,292.78643296065485,
3.00000011E-05,292.78580489548500,
3.00299998E-05,292.78517563463384,
3.00600004E-05,292.78454517812844,
3.00900010E-05,292.78391352615478,
3.01199998E-05,292.78328066170621,
3.01500004E-05,292.78264660216433,
3.01800010E-05,292.78201133099543,
3.02099997E-05,292.78137484775840,
3.02400003E-05,292.78073715311649,
3.02700009E-05,292.78009826430122,
3.02999997E-05,292.77945812975219,
3.03300003E-05,292.77881681876198,
3.03600009E-05,292.77817427962492,
3.03899997E-05,292.77753052987879,
3.04200003E-05,292.77688557004791,
3.04500008E-05,292.77623938264384,
3.04799996E-05,292.77559200240586,
3.05100002E-05,292.77494337812124,
3.05399990E-05,292.77429024080431,
3.05700014E-05,292.77362588253374,
3.06000002E-05,292.77296024847425,
3.06299989E-05,292.77229335569865,
3.06600014E-05,292.77162518739243,
3.06900001E-05,292.77095572657191,
3.07199989E-05,292.77028500783359,
3.07500013E-05,292.76961299717760,
3.07800001E-05,292.76893972868908,
3.08099989E-05,292.76826518606737,
3.08400013E-05,292.76758933464367,
3.08700000E-05,292.76691222653795,
3.08999988E-05,292.76623382758390,
3.09300012E-05,292.76555413800367,
3.09600000E-05,292.76487317486050,
3.09899988E-05,292.76419092169596,
3.10200012E-05,292.76350737838771,
3.10500000E-05,292.76282256250767,
3.10799987E-05,292.76213645726767,
3.11100011E-05,292.76144906236328,
3.11399999E-05,292.76076037871513,
3.11699987E-05,292.76006365292125,
3.12000011E-05,292.75935853053971,
3.12299999E-05,292.75865207043654,
3.12599987E-05,292.75794425565806,
3.12900011E-05,292.75723508645302,
3.13199998E-05,292.75652456304812,
3.13499986E-05,292.75581270269919,
3.13800010E-05,292.75509948845485,
3.14099998E-05,292.75438490373728,
3.14400022E-05,292.75366898297199,
3.14700010E-05,292.75295170903343,
3.14999997E-05,292.75223309989047,
3.15300022E-05,292.75151310370717,
3.15600009E-05,292.75079175526827,
3.15899997E-05,292.75006903800414,
3.16200021E-05,292.74934496879069,
3.16500009E-05,292.74861956541605,
3.16799997E-05,292.74789275942436,
3.17100021E-05,292.74716460258861,
3.17400008E-05,292.74643507780098,
3.17699996E-05,292.74570350593814,
3.18000020E-05,292.74495685731205,
3.18300008E-05,292.74420880977419,
3.18599996E-05,292.74345934623017,
3.18900020E-05,292.74270844976928,
3.19200008E-05,292.74195612123941,
3.19499995E-05,292.74120239429595,
3.19800019E-05,292.74044718393094,
3.20100007E-05,292.73969059362463,
3.20399995E-05,292.73893255458717,
3.20700019E-05,292.73817308464260,
3.21000007E-05,292.73741220104199,
3.21299995E-05,292.73664986953514,
3.21600019E-05,292.73588609078257,
3.21900006E-05,292.73512088221884,
3.22199994E-05,292.73435424393716,
3.22500018E-05,292.73358617621426,
3.22800006E-05,292.73281664518737,
3.23099994E-05,292.73204566830310,
3.23400018E-05,292.73127328017591,
3.23700006E-05,292.73049944636210,
3.23999993E-05,292.72971111927296,
3.24300017E-05,292.72891939836182,
3.24600005E-05,292.72812620156861,
3.24899993E-05,292.72733145993385,
3.25200017E-05,292.72653524282492,
3.25500005E-05,292.72573749924692,
3.25799992E-05,292.72493828039256,
3.26100017E-05,292.72413753568532,
3.26400004E-05,292.72333528238761,
3.26699992E-05,292.72253150344551,
3.27000016E-05,292.72172621714373,
3.27300004E-05,292.72091942276853,
3.27599992E-05,292.72011112124079,
3.27900016E-05,292.71930129571552,
3.28200003E-05,292.71848994650810,
3.28499991E-05,292.71767709087709,
3.28800015E-05,292.71686269482626,
3.29100003E-05,292.71604679360377,
3.29399991E-05,292.71522936953380,
3.29700015E-05,292.71441042356497,
3.30000003E-05,292.71357553432046,
3.30299990E-05,292.71273799130614,
3.30600014E-05,292.71189884450888,
3.30900002E-05,292.71105812815796,
3.31199990E-05,292.71021580828534,
3.31500014E-05,292.70937192038269,
3.31800002E-05,292.70852642963729,
3.32099989E-05,292.70767933639655,
3.32400014E-05,292.70683067615715,
3.32700001E-05,292.70598041366867,
3.32999989E-05,292.70512855058638,
3.33300013E-05,292.70427508681092,
3.33600001E-05,292.70342002270337,
3.33899989E-05,292.70256335816595,
3.34200013E-05,292.70170509442806,
3.34500000E-05,292.70084526526267,
3.34799988E-05,292.69998370175182,
3.35100012E-05,292.69912067507227,
3.35400000E-05,292.69825598202630,
3.35699988E-05,292.69738969200222,
3.36000012E-05,292.69652183784848,
3.36300000E-05,292.69565235270267,
3.36599987E-05,292.69478123692335,
3.36900011E-05,292.69390849042526,
3.37199999E-05,292.69303418211672,
3.37499987E-05,292.69215824426425,
3.37800011E-05,292.69128067676667,
3.38099999E-05,292.69040148136133,
3.38399987E-05,292.68952069042581,
3.38700011E-05,292.68862115649546,
3.38999998E-05,292.68770430635055,
3.39300022E-05,292.68678569795912,
3.39600010E-05,292.68586536598929,
3.39899998E-05,292.68494327750233,
3.40200022E-05,292.68401950053868,
3.40500010E-05,292.68309389888992,
3.40799998E-05,292.68216661006210,
3.41100022E-05,292.68123753165634,
3.41400009E-05,292.68030669789624,
3.41699997E-05,292.67937411062854,
3.42000021E-05,292.67843973458895,
3.42300009E-05,292.67750367297077,
3.42599997E-05,292.67656579012379,
3.42900021E-05,292.67562615451726,
3.43200009E-05,292.67468480131021,
3.43499996E-05,292.67374162769494,
3.43800020E-05,292.67279677158336,
3.44100008E-05,292.67185006117558,
3.44399996E-05,292.67090163538802,
3.44700020E-05,292.66995142467255,
3.45000008E-05,292.66899943094182,
3.45299995E-05,292.66804565364993,
3.45600020E-05,292.66709016222768,
3.45900007E-05,292.66613285387490,
3.46199995E-05,292.66517376426788,
3.46500019E-05,292.66421292710817,
3.46800007E-05,292.66325027434328,
3.47099995E-05,292.66228587640654,
3.47400019E-05,292.66131969800136,
3.47700006E-05,292.66035170633978,
3.47999994E-05,292.65938196985581,
3.48300018E-05,292.65841041948926,
3.48600006E-05,292.65743709196710,
3.48899994E-05,292.65646202096792,
3.49200018E-05,292.65548510475679,
3.49500006E-05,292.65450641121180,
3.49799993E-05,292.65352594234975,
3.50100017E-05,292.65254362862680,
3.50400005E-05,292.65152989922836,
3.50699993E-05,292.65050873676142,
3.51000017E-05,292.64948567127641,
3.51300005E-05,292.64846066855040,
3.51599992E-05,292.64743369538957,
3.51900017E-05,292.64640482076362,
3.52200004E-05,292.64537397675605,
3.52499992E-05,292.64434123178199,
3.52800016E-05,292.64330651901497,
3.53100004E-05,292.64226994108327,
3.53399992E-05,292.64123139639975,
3.53700016E-05,292.64019088496894,
3.54000003E-05,292.63914844044263,
3.54299991E-05,292.63810403239523,
3.54600015E-05,292.63705772653799,
3.54900003E-05,292.63600942292697,
3.55199991E-05,292.63495922256408,
3.55500015E-05,292.63390702608359,
3.55800003E-05,292.63285290081473,
3.56099990E-05,292.63179684673383,
3.56400014E-05,292.63073879872837,
3.56700002E-05,292.62967878880437,
3.56999990E-05,292.62861685281456,
3.57300014E-05,292.62755295653488,
3.57600002E-05,292.62648710163631,
3.57899989E-05,292.62541928755769,
3.58200014E-05,292.62434951708639,
3.58500001E-05,292.62327775324098,
3.58799989E-05,292.62220403410930,
3.59100013E-05,292.62112839165758,
3.59400001E-05,292.62005069135608,
3.59699989E-05,292.61897110473097,
3.60000013E-05,292.61788952861940,
3.60300000E-05,292.61680593171315,
3.60599988E-05,292.61572044902374,
3.60900012E-05,292.61463291134720,
3.61200000E-05,292.61354345597448,
3.61499988E-05,292.61244572642892,
3.61800012E-05,292.61131455926994,
3.62100000E-05,292.61018124615913,
3.62399987E-05,292.60904578717788,
3.62700011E-05,292.60790825304099,
3.62999999E-05,292.60676853955835,
3.63299987E-05,292.60562678756452,
3.63600011E-05,292.60448282333579,
3.63899999E-05,292.60333675237490,
3.64200023E-05,292.60218857416936,
3.64500011E-05,292.60103828936377,
3.64799998E-05,292.59988579731231,
3.65100022E-05,292.59873123411904,
3.65400010E-05,292.59757446441387,
3.65699998E-05,292.59641566026227,
3.66000022E-05,292.59525468507087,
3.66300010E-05,292.59409150476864,
3.66599998E-05,292.59292625785253,
3.66900022E-05,292.59175880775371,
3.67200009E-05,292.59058922407672,
3.67499997E-05,292.58941750626087,
3.67800021E-05,292.58824362206866,
3.68100009E-05,292.58706764108462,
3.68399997E-05,292.58588945971002,
3.68700021E-05,292.58470911399769,
3.69000009E-05,292.58352663879174,
3.69299996E-05,292.58234203475246,
3.69600020E-05,292.58115523369094,
3.69900008E-05,292.57996630581971,
3.70199996E-05,292.57877518166521,
3.70500020E-05,292.57758193272190,
3.70800008E-05,292.57638649015786,
3.71099995E-05,292.57518888816008,
3.71400020E-05,292.57398909457567,
3.71700007E-05,292.57278717774585,
3.71999995E-05,292.57158307074366,
3.72300019E-05,292.57037680713125,
3.72600007E-05,292.56916835604449,
3.72899995E-05,292.56793782266965,
3.73200019E-05,292.56668451578531,
3.73500006E-05,292.56542889810777,
3.73799994E-05,292.56417096778347,
3.74100018E-05,292.56291069411378,
3.74400006E-05,292.56164807662077,
3.74699994E-05,292.56038315016355,
3.75000018E-05,292.55911588282021,
3.75300006E-05,292.55784630877093,
3.75599993E-05,292.55657439479324,
3.75900017E-05,292.55530010552326,
3.76200005E-05,292.55402347993919,
3.76499993E-05,292.55274451682550,
3.76800017E-05,292.55146325111588,
3.77100005E-05,292.55017961472782,
3.77399992E-05,292.54889364398338,
3.77700017E-05,292.54760533896075,
3.78000004E-05,292.54631463235052,
3.78299992E-05,292.54502162859814,
3.78600016E-05,292.54372622492252,
3.78900004E-05,292.54242852443036,
3.79199992E-05,292.54112846115237,
3.79500016E-05,292.53982603452283,
3.79800003E-05,292.53852121135475,
3.80099991E-05,292.53721406198389,
3.80400015E-05,292.53590458662353,
3.80700003E-05,292.53459271723528,
3.80999991E-05,292.53327845675591,
3.81300015E-05,292.53196183807637,
3.81600003E-05,292.53064289676973,
3.81899990E-05,292.52932156630101,
3.82200014E-05,292.52799784749965,
3.82500002E-05,292.52667174128106,
3.82799990E-05,292.52534331519206,
3.83100014E-05,292.52401246859932,
3.83400002E-05,292.52267927272266,
3.83699989E-05,292.52134372479901,
3.84000014E-05,292.52000576119423,
3.84300001E-05,292.51863006432956,
3.84599989E-05,292.51724392802413,
3.84900013E-05,292.51585525398792,
3.85200001E-05,292.51446404541417,
3.85499989E-05,292.51307030036838,
3.85800013E-05,292.51167398867943,
3.86100000E-05,292.51027514394815,
3.86399988E-05,292.50887373311895,
3.86700012E-05,292.50746975719136,
3.87000000E-05,292.50606325267205,
3.87299988E-05,292.50465421985979,
3.87600012E-05,292.50324262491182,
3.87900000E-05,292.50182843559475,
3.88199987E-05,292.50041175429402,
3.88500011E-05,292.49899244808927,
3.88799999E-05,292.49757061784845,
3.89100023E-05,292.49614616254036,
3.89400011E-05,292.49471925633321,
3.89699999E-05,292.49328969307413,
3.90000023E-05,292.49185757660149,
3.90300011E-05,292.49042294274847,
3.90599998E-05,292.48898568895453,
3.90900022E-05,292.48754588738808,
3.91200010E-05,292.48610346796073,
3.91499998E-05,292.48465853686690,
3.91800022E-05,292.48321099003130,
3.92100010E-05,292.48176089803934,
3.92399998E-05,292.48030816069019,
3.92700022E-05,292.47885291438985,
3.93000009E-05,292.47739502328392,
3.93299997E-05,292.47593459289334,
3.93600021E-05,292.47447155383730,
3.93900009E-05,292.47300597682903,
3.94199997E-05,292.47153769213725,
3.94500021E-05,292.47006690562927,
3.94800009E-05,292.46859355040721,
3.95099996E-05,292.46711755952680,
3.95400020E-05,292.46563249014486,
3.95700008E-05,292.46410496491723,
3.95999996E-05,292.46257468499203,
3.96300020E-05,292.46104165648973,
3.96600008E-05,292.45950584418785,
3.96899995E-05,292.45796725010456,
3.97200020E-05,292.45642594257157,
3.97500007E-05,292.45488175296720,
3.97799995E-05,292.45333485403995,
3.98100019E-05,292.45178521136091,
3.98400007E-05,292.45023272590066,
3.98699995E-05,292.44867753399200,
3.99000019E-05,292.44711953493839,
3.99300006E-05,292.44555872994584,
3.99599994E-05,292.44399515511856,
3.99900018E-05,292.44242877777248,
4.00200006E-05,292.44085966447943,
4.00499994E-05,292.43928771889028,
4.00800018E-05,292.43771300676332,
4.01100006E-05,292.43613549800062,
4.01399993E-05,292.43455515903003,
4.01700017E-05,292.43297205906725,
4.02000005E-05,292.43138616541097,
4.02299993E-05,292.42979751244371,
4.02600017E-05,292.42820596913640,
4.02900005E-05,292.42661166730073,
4.03199992E-05,292.42501461348644,
4.03500017E-05,292.42341473769017,
4.03800004E-05,292.42181204283867,
4.04099992E-05,292.42020646243014,
4.04400016E-05,292.41859813177240,
4.04700004E-05,292.41698705563618,
4.04999992E-05,292.41537309795200,
4.05300016E-05,292.41375632780233,
4.05600003E-05,292.41213674481156,
4.05899991E-05,292.41051435381047,
4.06200015E-05,292.40888915437932,
4.06500003E-05,292.40726108002769,
4.06799991E-05,292.40560741394080,
4.07100015E-05,292.40392413881642,
4.07400003E-05,292.40223787890824,
4.07699990E-05,292.40054863377014,
4.08000014E-05,292.39885633897308,
4.08300002E-05,292.39716112787306,
4.08599990E-05,292.39546280235942,
4.08900014E-05,292.39376149757987,
4.09200002E-05,292.39205728656549,
4.09499989E-05,292.39034996190009,
4.09800014E-05,292.38863966436298,
4.10100001E-05,292.38692632586259,
4.10399989E-05,292.38521001753867,
4.10700013E-05,292.38349073901287,
4.11000001E-05,292.38176836013650,
4.11299989E-05,292.38004301413281,
4.11600013E-05,292.37831463673643,
4.11900000E-05,292.37658316350968,
4.12199988E-05,292.37484879370146,
4.12500012E-05,292.37311126156470,
4.12800000E-05,292.37137077394078,
4.13099988E-05,292.36962726450844,
4.13400012E-05,292.36788066338619,
4.13700000E-05,292.36613110949480,
4.13999987E-05,292.36437853864442,
4.14300011E-05,292.36262288076938,
4.14599999E-05,292.36086420905900,
4.14900023E-05,292.35910245747488,
4.15200011E-05,292.35733769135737,
4.15499999E-05,292.35556991815207,
4.15800023E-05,292.35379906791565,
4.16100011E-05,292.35202514232293,
4.16399998E-05,292.35024827817421,
4.16700022E-05,292.34846827819553,
4.17000010E-05,292.34668520761630,
4.17299998E-05,292.34489920339098,
4.17600022E-05,292.34311000260510,
4.17900010E-05,292.34131786953691,
4.18199998E-05,292.33948110489752,
4.18500022E-05,292.33762981050728,
4.18800009E-05,292.33577527792164,
4.19099997E-05,292.33391750883180,
4.19400021E-05,292.33205643748994,
4.19700009E-05,292.33019220313241,
4.19999997E-05,292.32832466804717,
4.20300021E-05,292.32645397340917,
4.20600009E-05,292.32457991430016,
4.20899996E-05,292.32270263179413,
4.21200020E-05,292.32082219746604,
4.21500008E-05,292.31893840198842,
4.21799996E-05,292.31705145841448,
4.22100020E-05,292.31516116167683,
4.22400008E-05,292.31326765302271,
4.22699995E-05,292.31137093014655,
4.23000020E-05,292.30947086185239,
4.23300007E-05,292.30756751546875,
4.23599995E-05,292.30566089289147,
4.23900019E-05,292.30375106790422,
4.24200007E-05,292.30183797495971,
4.24499995E-05,292.29992167684355,
4.24800019E-05,292.29800204699592,
4.25100006E-05,292.29607915271805,
4.25399994E-05,292.29415286095815,
4.25700018E-05,292.29222344357237,
4.26000006E-05,292.29029077208730,
4.26299994E-05,292.28835470663131,
4.26600018E-05,292.28641545177248,
4.26900006E-05,292.28447288114882,
4.27199993E-05,292.28252699212049,
4.27500017E-05,292.28057799163031,
4.27800005E-05,292.27862547422143,
4.28099993E-05,292.27666978184203,
4.28400017E-05,292.27471084883615,
4.28700005E-05,292.27274853770047,
4.28999992E-05,292.27078299230840,
4.29300017E-05,292.26880794015921,
4.29600004E-05,292.26677943312012,
4.29899992E-05,292.26474738794383,
4.30200016E-05,292.26271187184426,
4.30500004E-05,292.26067288711016,
4.30799992E-05,292.25863043829355,
